codigo_cliente,nombre_cliente,ape_pat,ape_mat,direccion,telefono
1,Saba,Handke,Colthurst,scolthurst0@netlog.com,894-304-5830
2,Rainer,Seary,Row,rrow1@github.com,398-348-2243
3,Enos,Gormley,Whitwell,ewhitwell2@eventbrite.com,163-953-8358
4,Cleavland,Doughton,Parvin,cparvin3@pinterest.com,721-360-2232
5,Lisa,Gretton,Bestiman,lbestiman4@t.co,471-379-3958
6,Xena,Tincey,Peeke,xpeeke5@buzzfeed.com,487-587-2511
7,Dinah,O'Fogarty,Treharne,dtreharne6@java.com,430-906-2389
8,Wyatt,Morrel,McKibben,wmckibben7@mysql.com,612-242-0896
9,Nancy,McGillicuddy,Altoft,naltoft8@nationalgeographic.com,213-628-6775
10,Daffi,Boschmann,Oldmeadow,doldmeadow9@w3.org,180-843-3396
11,Ruthie,Salvage,Jeandet,rjeandeta@sciencedirect.com,552-294-7435
12,Cassondra,Flanigan,Colquyte,ccolquyteb@mapy.cz,236-240-6321
13,Trey,Greatbank,Woolmington,twoolmingtonc@technorati.com,657-623-5949
14,Elwood,Spoure,Pods,epodsd@opensource.org,814-478-3751
15,Ruttger,Duley,Fosse,rfossee@ning.com,847-228-2965
16,Jemmie,Ellingford,Kettlesing,jkettlesingf@timesonline.co.uk,925-911-0979
17,Dani,Eva,Calan,dcalang@businessweek.com,908-920-2339
18,Gerda,Greeve,Sweeny,gsweenyh@indiegogo.com,794-539-4898
19,Dov,Circuitt,Aspling,dasplingi@opera.com,766-496-6975
20,Ardella,Eastabrook,Ickovits,aickovitsj@plala.or.jp,229-980-0751
21,Otha,Reymers,Knowlton,oknowltonk@surveymonkey.com,541-834-8195
22,Dru,Hindhaugh,Worwood,dworwoodl@epa.gov,382-894-2146
23,Henka,Grigor,Castelletto,hcastellettom@hibu.com,724-512-3250
24,Farah,Snarr,Kay,fkayn@issuu.com,559-421-9459
25,Claudetta,Gliddon,Simukov,csimukovo@indiatimes.com,966-738-6503
26,Vanya,Sterre,Grimsell,vgrimsellp@scribd.com,622-624-6864
27,Giralda,Burberry,Dancy,gdancyq@friendfeed.com,647-406-8162
28,Smith,Marishenko,Yann,syannr@storify.com,546-469-3537
29,Gratiana,Hatchman,De Ruggiero,gderuggieros@freewebs.com,434-951-9685
30,Laryssa,Hurlestone,Swalwel,lswalwelt@deviantart.com,437-915-5738
31,Celestyn,Headly,Yeatman,cyeatmanu@gnu.org,989-802-8051
32,Karyl,Vaudrey,Grimbaldeston,kgrimbaldestonv@harvard.edu,223-483-7595
33,Tyrone,Bickmore,Basek,tbasekw@wikia.com,168-740-7787
34,Delly,Hindshaw,Rowaszkiewicz,drowaszkiewiczx@topsy.com,964-643-7475
35,Gunar,Biskup,McKillop,gmckillopy@acquirethisname.com,630-695-3521
36,Reinald,McCaughan,Bourget,rbourgetz@huffingtonpost.com,233-840-3288
37,Noby,Tooth,Buttel,nbuttel10@state.tx.us,273-909-4742
38,Ardenia,Baxstar,Ludmann,aludmann11@nifty.com,466-518-2349
39,Junie,Coogan,Rowlin,jrowlin12@google.com.br,145-965-6421
40,Georgeta,Mathwen,Ricardou,gricardou13@dagondesign.com,164-816-1337
41,Benedikta,Aberdein,Harriss,bharriss14@comcast.net,148-228-5027
42,Bertram,O' Cuolahan,Ullyott,bullyott15@freewebs.com,167-316-9488
43,Dame,Furness,Scole,dscole16@cloudflare.com,333-972-3358
44,Sergent,Amburgy,Baraclough,sbaraclough17@hibu.com,907-982-3375
45,Casar,Vernau,Redihalgh,credihalgh18@technorati.com,672-534-0295
46,Cacilia,Dunstone,Byles,cbyles19@hostgator.com,834-809-2207
47,Jud,Francescotti,Hellwing,jhellwing1a@cnn.com,775-101-9960
48,Peria,Lewis,Risby,prisby1b@lycos.com,681-727-1958
49,Vitia,Staziker,Cutress,vcutress1c@unicef.org,593-204-4234
50,Edi,Jaine,Pawlick,epawlick1d@yandex.ru,129-207-9205
51,Melessa,Michell,Reside,mreside1e@aol.com,521-758-8844
52,Pete,Barthrup,Clubbe,pclubbe1f@nba.com,469-210-5449
53,Stefania,Pierton,Caswell,scaswell1g@nifty.com,316-542-8147
54,Meryl,Hamsher,Buckingham,mbuckingham1h@msu.edu,724-851-0381
55,Garrik,Portingale,Doerr,gdoerr1i@google.co.jp,724-171-7962
56,Curr,Canario,Langman,clangman1j@comcast.net,986-453-1813
57,Jordanna,Stairs,de Amaya,jdeamaya1k@bluehost.com,241-202-3075
58,Nevile,Riccardini,Burles,nburles1l@shareasale.com,144-333-7182
59,Joan,Rouse,Goodship,jgoodship1m@nyu.edu,461-266-5578
60,Everard,Fruish,Dallimare,edallimare1n@icq.com,310-471-1025
61,Tabatha,Odom,Whyberd,twhyberd1o@japanpost.jp,656-897-4307
62,Honey,Tippetts,Lezemore,hlezemore1p@4shared.com,231-317-3315
63,Lev,Veazey,Joire,ljoire1q@domainmarket.com,883-235-2730
64,Misti,Jager,O'Brian,mobrian1r@google.de,232-754-3847
65,Gabbi,Sanderson,Bartos,gbartos1s@hp.com,826-549-9299
66,Beatrice,Tenwick,Dunstan,bdunstan1t@wikispaces.com,707-755-0765
67,Trudy,Mallinson,Strike,tstrike1u@edublogs.org,411-318-6363
68,Karlyn,McCullock,See,ksee1v@unesco.org,792-185-1817
69,Philip,Saura,Banes,pbanes1w@seattletimes.com,434-699-5341
70,Cesaro,Catmull,Goodbarr,cgoodbarr1x@netlog.com,934-442-9847
71,Dionis,Fitkin,Androletti,dandroletti1y@last.fm,564-289-9874
72,Arte,Robillard,Mont,amont1z@arstechnica.com,448-276-6280
73,Augustus,Josephy,Horburgh,ahorburgh20@elpais.com,234-834-6800
74,Josepha,Ost,Postle,jpostle21@wisc.edu,482-898-8431
75,Aloisia,Issacov,Whapple,awhapple22@globo.com,477-836-3660
76,Sayre,Egarr,Shine,sshine23@multiply.com,319-329-9711
77,Ike,Yude,Olliffe,iolliffe24@ifeng.com,532-564-7410
78,Grace,Duddan,MacDiarmond,gmacdiarmond25@dell.com,532-412-4992
79,Selia,Oglethorpe,Mohun,smohun26@oakley.com,860-926-6529
80,Saunder,Eseler,Featherstonhaugh,sfeatherstonhaugh27@smh.com.au,933-904-5212
81,Alix,Ockwell,Jopson,ajopson28@cafepress.com,400-770-9916
82,Antone,Ashbey,Matysiak,amatysiak29@dyndns.org,327-586-0365
83,Claudina,Slinn,Garfield,cgarfield2a@wikia.com,648-288-7724
84,Mateo,Klees,Randales,mrandales2b@mozilla.com,175-278-2556
85,Cass,Alesio,Marlon,cmarlon2c@marketwatch.com,327-811-2585
86,Grenville,Dabbes,Meere,gmeere2d@thetimes.co.uk,556-297-3585
87,Alfie,Pollington,Bessey,abessey2e@indiegogo.com,869-523-1646
88,Nevins,Frankema,Geist,ngeist2f@bravesites.com,361-481-9334
89,Fredericka,Skarr,Fiorentino,ffiorentino2g@behance.net,921-198-0365
90,Abby,Pyott,Hitchens,ahitchens2h@odnoklassniki.ru,745-672-9074
91,Michele,Senechault,Bentsen,mbentsen2i@exblog.jp,212-293-3092
92,Arluene,Fearby,Dowtry,adowtry2j@youtube.com,597-491-5908
93,Marji,Sherborne,Castlake,mcastlake2k@meetup.com,696-712-5664
94,Ambros,Ramme,Brotherhood,abrotherhood2l@discuz.net,925-848-8641
95,Tybi,Herreros,Parkeson,tparkeson2m@ovh.net,349-972-2800
96,Dru,Glenton,Bratten,dbratten2n@army.mil,444-672-3385
97,Dallis,Bolter,Fluger,dfluger2o@livejournal.com,355-246-2195
98,Jamison,Bridel,Philippon,jphilippon2p@slashdot.org,111-418-8922
99,Johnette,Pignon,Trask,jtrask2q@addtoany.com,971-106-8884
100,Ardelle,Presidey,Kerby,akerby2r@devhub.com,149-949-6246
101,Wyatt,Issacson,Yoskowitz,wyoskowitz2s@opensource.org,432-484-0524
102,Kaela,Barras,Ghion,kghion2t@noaa.gov,837-323-9020
103,Bertrand,Marsters,Shewon,bshewon2u@geocities.com,552-329-9535
104,Ellerey,Evenden,Joselevitz,ejoselevitz2v@upenn.edu,914-292-1086
105,Lorianne,Kehri,Choupin,lchoupin2w@blogs.com,812-199-2101
106,Marnie,Roja,Japp,mjapp2x@yolasite.com,135-220-6203
107,Susannah,O'Fergus,Mifflin,smifflin2y@uol.com.br,504-449-4026
108,Caterina,Fosher,Gilbey,cgilbey2z@google.co.jp,912-669-1465
109,Geno,Kinkade,Laudham,glaudham30@hibu.com,168-402-6702
110,Bette,Sells,Swyer-Sexey,bswyersexey31@gizmodo.com,345-814-4695
111,Elliott,Glennon,Hilhouse,ehilhouse32@japanpost.jp,147-439-5011
112,Beale,Nuss,Foukx,bfoukx33@fc2.com,551-559-6695
113,Rianon,Hills,Henkens,rhenkens34@ezinearticles.com,414-582-6894
114,Conway,Galpen,Dorow,cdorow35@uol.com.br,594-972-5588
115,Alane,Brewis,Treuge,atreuge36@wunderground.com,910-127-8982
116,Paloma,Cowthart,Yegoshin,pyegoshin37@live.com,582-625-0162
117,Alisha,Shire,Wadmore,awadmore38@youku.com,756-792-1407
118,Lelah,Lammert,Bourcq,lbourcq39@squidoo.com,619-387-2774
119,Flor,Danbi,Vicar,fvicar3a@ucsd.edu,818-647-4920
120,Nady,Fawssett,Spottiswood,nspottiswood3b@storify.com,141-906-4139
121,Darya,Howse,Bresnen,dbresnen3c@globo.com,810-378-7328
122,De witt,Sine,Wyke,dwyke3d@disqus.com,871-103-0469
123,Gilemette,Crease,Cradick,gcradick3e@stumbleupon.com,177-448-7050
124,Dayle,Farndell,Oneill,doneill3f@bloglovin.com,953-226-5883
125,Dickie,Gilham,Storrier,dstorrier3g@hibu.com,210-365-7667
126,Pepillo,MacIlriach,Mosten,pmosten3h@sciencedaily.com,525-773-0610
127,Mandi,Frye,Dignum,mdignum3i@census.gov,849-365-4339
128,Hasty,Shales,Pankettman,hpankettman3j@merriam-webster.com,188-359-8264
129,Alberto,Pelerin,Calloway,acalloway3k@wikispaces.com,606-656-9827
130,Kaitlyn,Blundan,Tire,ktire3l@spotify.com,826-846-4512
131,Dolli,Perring,Buret,dburet3m@gnu.org,502-106-7567
132,Corrina,Ortells,Schoffel,cschoffel3n@imdb.com,263-431-0261
133,Billi,Trevillion,Zappel,bzappel3o@state.gov,406-574-2575
134,Rodrique,Delahunty,Terram,rterram3p@flavors.me,434-154-6361
135,Shana,Waadenburg,Tallman,stallman3q@creativecommons.org,726-166-3596
136,Ariadne,Sinnatt,Sheard,asheard3r@cbsnews.com,522-686-6465
137,Layne,Concannon,Rivaland,lrivaland3s@exblog.jp,379-890-7015
138,Prince,Basezzi,Gockelen,pgockelen3t@free.fr,599-949-1887
139,Amii,Sterry,Bridgeland,abridgeland3u@w3.org,801-199-4411
140,Alameda,Cubbon,McKinlay,amckinlay3v@columbia.edu,328-980-6855
141,Daron,Brekonridge,Eastup,deastup3w@plala.or.jp,670-784-3704
142,Drugi,Lambrecht,Raynard,draynard3x@sohu.com,150-481-5157
143,Chick,McCowen,Alldread,calldread3y@weather.com,789-106-2554
144,Leeanne,Besantie,D'Agostino,ldagostino3z@ibm.com,438-549-4968
145,Desi,Fortescue,Gorringe,dgorringe40@yahoo.com,493-243-6081
146,Gerhardine,Fallows,Rickaert,grickaert41@instagram.com,147-491-1318
147,Allister,Joiner,Scrase,ascrase42@un.org,188-135-1331
148,Malia,Benbough,Ethridge,methridge43@apple.com,906-512-4889
149,Atlante,Borgnol,Endecott,aendecott44@hc360.com,834-130-4352
150,Oates,Mullis,Gerran,ogerran45@tiny.cc,150-519-6768
151,Shepard,Evetts,Eat,seat46@tuttocitta.it,881-751-8668
152,Mirabella,Wallis,De Benedetti,mdebenedetti47@ebay.com,892-773-1636
153,Terri-jo,Gligori,Mabee,tmabee48@delicious.com,723-808-1114
154,Tobie,Davidman,Sarch,tsarch49@linkedin.com,894-236-5506
155,Brandy,Dobbings,Beveridge,bbeveridge4a@usa.gov,106-988-9194
156,Joscelin,Eagling,Glyde,jglyde4b@zdnet.com,707-852-7115
157,Dorella,Rigney,Crotty,dcrotty4c@omniture.com,418-542-2729
158,Terrye,Sommerlie,Halkyard,thalkyard4d@reference.com,702-705-0965
159,Whitaker,de Merida,Hiskey,whiskey4e@google.com.au,867-130-0290
160,Stace,Pargent,Tappor,stappor4f@comsenz.com,260-854-5534
161,Hyman,Tetford,Farrent,hfarrent4g@dailymail.co.uk,829-586-7560
162,Orin,Gillean,Bradwell,obradwell4h@goodreads.com,888-515-1989
163,Felike,Barke,Harbron,fharbron4i@networkadvertising.org,873-455-8067
164,Catlaina,Stellman,Scanlan,cscanlan4j@spotify.com,641-989-3048
165,Jayme,Twiddle,Dougliss,jdougliss4k@springer.com,947-883-7838
166,Kyla,Scrivenor,Ellwood,kellwood4l@blogspot.com,941-692-8436
167,Noel,Guion,Sales,nsales4m@harvard.edu,539-189-1409
168,Kiele,Hendrikse,Flori,kflori4n@timesonline.co.uk,664-959-3782
169,Calypso,Larive,Olivi,colivi4o@google.fr,643-613-6492
170,Melanie,Bettles,Truscott,mtruscott4p@geocities.com,819-964-9158
171,Hettie,Reddy,Maydwell,hmaydwell4q@narod.ru,168-535-2371
172,Rutter,Upshall,Huyge,rhuyge4r@hostgator.com,173-189-6167
173,Maxi,Heatlie,Redholls,mredholls4s@google.co.uk,419-719-4527
174,Rozalin,Hambrook,Litton,rlitton4t@skype.com,919-732-8203
175,Sheff,Niesing,Spencook,sspencook4u@abc.net.au,773-975-1159
176,Trina,Greenhouse,Cuttell,tcuttell4v@furl.net,676-443-1075
177,Rubia,Harrisson,Oseman,roseman4w@imgur.com,111-864-0489
178,Tara,Merrison,Buckam,tbuckam4x@wix.com,193-278-8783
179,Flory,Andrat,Faint,ffaint4y@slashdot.org,455-294-5040
180,Shantee,Arlow,Pernell,spernell4z@uiuc.edu,635-658-5908
181,Sascha,Sawbridge,Medgewick,smedgewick50@aol.com,304-322-1176
182,Tabb,Witcombe,Slinger,tslinger51@archive.org,497-122-3434
183,Francesca,Annandale,Toulmin,ftoulmin52@mlb.com,845-805-4121
184,Magdalena,Kull,Meiklam,mmeiklam53@bravesites.com,291-165-5056
185,Cally,Ismirnioglou,Veall,cveall54@cdbaby.com,235-984-9300
186,Ramsay,Helks,Boyall,rboyall55@phpbb.com,425-401-0425
187,Rock,Wrassell,Wittleton,rwittleton56@cloudflare.com,340-961-5859
188,Collie,Orts,Fontes,cfontes57@symantec.com,162-207-9520
189,Helli,Gidney,Woodwing,hwoodwing58@usnews.com,538-186-1379
190,Felecia,Tennison,Curcher,fcurcher59@wikipedia.org,677-985-1323
191,Bank,Kettlesing,Bradmore,bbradmore5a@yellowpages.com,427-453-9911
192,Gabie,Goslin,Bertolin,gbertolin5b@java.com,534-660-7751
193,Clemmie,Yitshak,Eagland,ceagland5c@mlb.com,671-426-2043
194,Amelie,McGinnell,Gartshore,agartshore5d@howstuffworks.com,591-291-6259
195,Alexa,Stanner,Tiuit,atiuit5e@cam.ac.uk,123-647-7602
196,Cobby,Fawke,Domotor,cdomotor5f@mlb.com,137-495-3271
197,Kerry,Cartmael,Overstreet,koverstreet5g@exblog.jp,166-312-4539
198,Eba,Lutzmann,Jaslem,ejaslem5h@goodreads.com,346-811-7441
199,Robinett,Laxson,Manns,rmanns5i@oracle.com,708-349-3747
200,Tedi,Sawdy,Coneybeer,tconeybeer5j@weebly.com,174-622-3332
201,Karita,Janeczek,Tollfree,ktollfree5k@woothemes.com,118-274-3557
202,Lu,Billings,O'Corrane,locorrane5l@mozilla.org,743-815-3564
203,Sigismundo,Fluger,Mitrovic,smitrovic5m@dailymotion.com,801-594-0795
204,Garvey,Okenden,Craggs,gcraggs5n@digg.com,424-936-4797
205,Erin,Kerrod,Pickover,epickover5o@omniture.com,517-764-7548
206,Prudy,Inglis,Sutheran,psutheran5p@hubpages.com,583-796-0592
207,Veronike,Duny,Brimble,vbrimble5q@studiopress.com,473-376-5999
208,Juliana,Domerq,Yardley,jyardley5r@miitbeian.gov.cn,726-681-0871
209,Romola,Fairbrass,Butt Gow,rbuttgow5s@chronoengine.com,324-618-4786
210,Lida,Grindley,Toner,ltoner5t@cyberchimps.com,614-775-8441
211,Clevey,Neenan,O'Lagen,colagen5u@squarespace.com,361-698-7152
212,Letti,Mannooch,Sketchley,lsketchley5v@illinois.edu,893-776-8193
213,Stinky,Achromov,Stump,sstump5w@so-net.ne.jp,743-535-8700
214,Venita,Jacqueminet,Nordass,vnordass5x@last.fm,710-245-5056
215,Blithe,Donnelly,Dollen,bdollen5y@cam.ac.uk,674-623-4875
216,Randal,Stanex,Howchin,rhowchin5z@newsvine.com,334-810-2630
217,Elfrieda,Meekings,Aaronsohn,eaaronsohn60@nytimes.com,704-660-0003
218,Gui,Larkings,Filov,gfilov61@nps.gov,283-551-3080
219,Hyacinthie,Trudgian,Ennew,hennew62@mozilla.org,645-754-6859
220,Ondrea,Mc Caghan,Howcroft,ohowcroft63@symantec.com,683-769-2183
221,Willie,Camillo,Postians,wpostians64@jugem.jp,976-830-6609
222,Netty,Brack,Huddle,nhuddle65@linkedin.com,222-832-6089
223,Yehudit,Furphy,Clem,yclem66@washingtonpost.com,197-684-8229
224,Killian,Gannicott,Iddon,kiddon67@live.com,440-148-2449
225,Willabella,Rainsdon,Waterson,wwaterson68@pinterest.com,778-639-1688
226,Kitti,Heningham,Lacoste,klacoste69@google.ca,450-955-4644
227,Katharine,Rohlf,Porker,kporker6a@bizjournals.com,157-155-8651
228,Elwira,Gristhwaite,Grelka,egrelka6b@g.co,648-404-4281
229,Nickie,Sprott,Abrashkin,nabrashkin6c@businesswire.com,286-623-5874
230,Brendin,Rubra,Reisk,breisk6d@ehow.com,177-830-3648
231,Ariel,Heaslip,Frost,afrost6e@goodreads.com,673-555-5292
232,Toinette,Coverdale,Jandl,tjandl6f@huffingtonpost.com,190-974-2178
233,Nerissa,Ledekker,Vose,nvose6g@multiply.com,148-980-9203
234,Melonie,Tuite,McLardie,mmclardie6h@intel.com,599-442-1074
235,Cathyleen,Bailess,Fitter,cfitter6i@hubpages.com,685-506-4790
236,Shauna,Jumonet,Gulston,sgulston6j@theglobeandmail.com,644-236-0244
237,Bibbye,Reskelly,Hamblington,bhamblington6k@dagondesign.com,964-808-5782
238,Garvin,Norster,Brownsall,gbrownsall6l@huffingtonpost.com,115-444-6480
239,Maddie,Barlee,Impy,mimpy6m@mac.com,447-341-4093
240,Brianne,Fayer,Sharphouse,bsharphouse6n@independent.co.uk,748-347-8685
241,Byron,Ramsier,Borthe,bborthe6o@angelfire.com,745-904-7435
242,Jeth,Opy,Deny,jdeny6p@eventbrite.com,702-670-7628
243,Kameko,Jonson,Sawnwy,ksawnwy6q@bizjournals.com,856-496-9248
244,Madelaine,Deniskevich,Amburgy,mamburgy6r@redcross.org,902-383-6671
245,Wayne,Josland,Ebunoluwa,webunoluwa6s@wordpress.org,112-479-6909
246,Emiline,Cogar,De Vaux,edevaux6t@odnoklassniki.ru,792-283-9138
247,Kala,Greathead,Bordone,kbordone6u@blogs.com,106-198-2684
248,Amata,Bortolazzi,Shirer,ashirer6v@technorati.com,662-182-3647
249,Jenifer,O' Borne,Otley,jotley6w@macromedia.com,791-976-2659
250,Brianne,Hoonahan,Henrot,bhenrot6x@mysql.com,463-638-7669
251,Ignace,Render,Birtwell,ibirtwell6y@symantec.com,272-352-8168
252,Lyn,Tanfield,Didball,ldidball6z@google.co.uk,860-476-6491
253,Ced,Drinkall,Jachimiak,cjachimiak70@arstechnica.com,399-469-9967
254,Rea,Lusted,Perring,rperring71@nymag.com,117-742-1526
255,Nat,Swinden,McGivena,nmcgivena72@hp.com,914-395-4663
256,Stefanie,McQuilliam,Sansome,ssansome73@altervista.org,979-743-5229
257,Tripp,Moss,Bernard,tbernard74@blogs.com,771-995-5357
258,Corby,Peeters,MacVanamy,cmacvanamy75@purevolume.com,552-383-7657
259,Gwennie,Huckett,Boak,gboak76@etsy.com,222-831-0781
260,Billy,Spehr,Bridle,bbridle77@whitehouse.gov,365-525-2476
261,Gunilla,Endersby,Grigoletti,ggrigoletti78@nifty.com,714-176-8728
262,Toddie,De Rechter,Dell'Abbate,tdellabbate79@sakura.ne.jp,782-175-1857
263,Erwin,Reading,Cristol,ecristol7a@godaddy.com,515-787-8839
264,Rikki,Renzo,Riccardelli,rriccardelli7b@pagesperso-orange.fr,937-168-5781
265,Moshe,Alsford,Gook,mgook7c@devhub.com,464-173-0388
266,Enriqueta,O'Shavlan,Weldrick,eweldrick7d@engadget.com,676-583-1304
267,Xena,Bagnal,Breese,xbreese7e@techcrunch.com,829-458-1389
268,Daniel,Seal,Welbourn,dwelbourn7f@timesonline.co.uk,409-251-7546
269,Leticia,Pablos,Fosten,lfosten7g@earthlink.net,994-635-7876
270,Lilian,Hubbis,Paula,lpaula7h@cbslocal.com,459-952-6225
271,Trixie,Ruperto,Amar,tamar7i@soundcloud.com,583-201-0749
272,Bess,Haselhurst,Slocket,bslocket7j@mapy.cz,362-211-6081
273,Russ,Hurton,Rosenberger,rrosenberger7k@nsw.gov.au,692-277-0386
274,Felicle,Pionter,Osan,fosan7l@geocities.jp,603-696-2696
275,Octavius,Sweetzer,Nayshe,onayshe7m@mozilla.org,213-286-0761
276,Giovanni,Kellock,Zarfat,gzarfat7n@slideshare.net,113-816-1377
277,Jed,Crickett,Joskowitz,jjoskowitz7o@4shared.com,269-314-1960
278,Baudoin,Kinghorn,Olver,bolver7p@google.it,558-978-7731
279,Federica,Samper,Dumberell,fdumberell7q@photobucket.com,841-959-3197
280,Nina,Misson,Earry,nearry7r@gmpg.org,206-265-0899
281,Kurt,Farlam,Bagniuk,kbagniuk7s@house.gov,845-101-4622
282,Anastasie,Greatham,Sainsbury,asainsbury7t@github.io,682-149-2130
283,Hanni,Melling,Mesant,hmesant7u@hexun.com,936-205-5627
284,Clem,Micklem,Bogaert,cbogaert7v@nyu.edu,531-695-2775
285,Eldridge,McGiffie,Enterle,eenterle7w@examiner.com,226-769-6229
286,Gradeigh,De la Yglesia,Noden,gnoden7x@opera.com,390-529-5195
287,Dannel,Daborn,Simchenko,dsimchenko7y@soup.io,571-892-5249
288,Silvan,Menier,Evangelinos,sevangelinos7z@blogger.com,978-305-5010
289,Fawnia,Leman,Kenton,fkenton80@altervista.org,543-630-9323
290,Coop,Chetter,Abbado,cabbado81@pcworld.com,923-212-3891
291,Lamont,Buckston,Kytter,lkytter82@macromedia.com,813-779-9481
292,Morry,O'Mahoney,Frankum,mfrankum83@naver.com,278-497-1326
293,Nanette,MacGiany,Vinsen,nvinsen84@bandcamp.com,165-117-2444
294,Esme,Poure,Gateley,egateley85@skype.com,914-958-3916
295,Ashbey,Inkster,McOmish,amcomish86@independent.co.uk,306-918-0303
296,Geri,Channon,Woolen,gwoolen87@parallels.com,548-746-4146
297,Sidnee,Forrest,Mc Gorley,smcgorley88@aol.com,831-978-7693
298,Glynnis,Hews,Valek,gvalek89@yelp.com,959-946-8493
299,Adina,McGinly,McConnell,amcconnell8a@foxnews.com,929-275-1653
300,Klemens,Jostan,Northen,knorthen8b@ow.ly,141-384-7236
301,Randolph,Crummey,Pitway,rpitway8c@over-blog.com,410-271-5268
302,Noel,Furmonger,Lesser,nlesser8d@over-blog.com,474-254-8367
303,Herbert,Phillippo,Maple,hmaple8e@nih.gov,385-776-1071
304,Adham,Figgen,Batho,abatho8f@archive.org,153-612-7550
305,Licha,Britch,Louch,llouch8g@networksolutions.com,265-226-5560
306,Ardenia,Halloran,Staker,astaker8h@mac.com,567-446-7881
307,Tammara,Buston,Orman,torman8i@wordpress.com,221-548-5385
308,Doralia,Ionn,Kalisch,dkalisch8j@amazonaws.com,496-410-7137
309,Ryun,O'Cleary,Slad,rslad8k@dailymotion.com,637-844-2394
310,Raffarty,Forton,Arthy,rarthy8l@purevolume.com,879-335-4324
311,Karylin,Merrett,Klugel,kklugel8m@uol.com.br,495-889-3267
312,Hernando,Reames,Muncaster,hmuncaster8n@technorati.com,272-993-3840
313,Leland,Eldredge,Blabey,lblabey8o@freewebs.com,849-897-5832
314,Abbi,Santus,Kennedy,akennedy8p@4shared.com,291-441-3373
315,Blakelee,Bleddon,Schaumaker,bschaumaker8q@tripadvisor.com,304-269-7458
316,Padraic,Buzek,Grubbe,pgrubbe8r@acquirethisname.com,779-436-3556
317,Belva,Peddie,Smee,bsmee8s@usa.gov,994-784-4562
318,Malvina,Beddows,Deery,mdeery8t@thetimes.co.uk,756-334-0541
319,Kelli,Watkins,Gerg,kgerg8u@ucoz.com,261-171-4531
320,Di,Greeveson,Gaskin,dgaskin8v@shareasale.com,429-992-4017
321,Leroi,Spring,Paradin,lparadin8w@patch.com,738-169-5468
322,Wat,Lattos,Matyja,wmatyja8x@addthis.com,668-799-3151
323,Kahaleel,Wraggs,Domenicone,kdomenicone8y@indiegogo.com,988-769-8322
324,Padgett,Kerwen,Rossin,prossin8z@latimes.com,828-198-3803
325,Sorcha,Josef,Groves,sgroves90@geocities.jp,492-680-4893
326,Lyon,Hallede,Boniface,lboniface91@homestead.com,370-965-4864
327,Leonid,Deboo,Meritt,lmeritt92@live.com,580-559-6209
328,Shea,Androletti,Torrijos,storrijos93@xing.com,359-969-9611
329,Barris,Dalgarnowch,Puddicombe,bpuddicombe94@networkadvertising.org,900-522-6332
330,Hedda,Rodden,Fernely,hfernely95@hao123.com,159-248-3772
331,Rich,Golton,Ewins,rewins96@spiegel.de,692-476-1335
332,Cindie,Adriaens,Prosser,cprosser97@indiatimes.com,305-333-9168
333,Worden,Tousy,Hawksby,whawksby98@ft.com,291-737-0459
334,Roley,Mulhall,Martel,rmartel99@scientificamerican.com,298-109-9750
335,Lauretta,Ettritch,Caron,lcaron9a@independent.co.uk,948-491-2955
336,Lela,Moyser,Spavins,lspavins9b@last.fm,395-222-2981
337,Kandace,Ditty,Speirs,kspeirs9c@wunderground.com,446-704-8024
338,Dedra,Seagrave,Cano,dcano9d@bravesites.com,309-522-3357
339,Benita,Jalland,Bullingham,bbullingham9e@smugmug.com,128-647-1286
340,Rolf,Hadrill,Skillen,rskillen9f@springer.com,450-117-7617
341,Othello,Kachel,Brokenshaw,obrokenshaw9g@walmart.com,277-440-1938
342,Griswold,Wylder,Titley,gtitley9h@simplemachines.org,192-662-5380
343,Tamqrah,Kennon,Nockolds,tnockolds9i@cisco.com,603-120-3003
344,Maryann,Strathman,Kleeman,mkleeman9j@unblog.fr,550-434-7996
345,Shanan,Forrington,Swire,sswire9k@google.com.au,578-696-1746
346,Keenan,Keogh,Logesdale,klogesdale9l@timesonline.co.uk,634-395-7437
347,Delora,Pile,Carlill,dcarlill9m@loc.gov,657-547-7468
348,Clayson,Chainey,Masterman,cmasterman9n@samsung.com,436-858-7117
349,Cherish,Galbreath,Cownden,ccownden9o@microsoft.com,890-479-8014
350,Nial,Hasnip,Duffit,nduffit9p@bandcamp.com,128-241-8921
351,Gillan,Vass,Pelman,gpelman9q@fda.gov,612-278-0112
352,Morgen,Skill,Fishly,mfishly9r@gizmodo.com,867-523-8791
353,Sergio,Zarb,MacFadyen,smacfadyen9s@usnews.com,504-418-9595
354,Carmella,Gaze,Haggleton,chaggleton9t@ifeng.com,293-942-6245
355,Kerr,Crisford,Camous,kcamous9u@netvibes.com,830-288-2571
356,Annabela,Martinuzzi,Holwell,aholwell9v@examiner.com,312-159-1991
357,Artur,Hibbart,Gittoes,agittoes9w@ebay.com,296-162-4822
358,Jeannette,Sweeting,Daddow,jdaddow9x@wordpress.org,807-813-5500
359,Valeda,Benson,Dulake,vdulake9y@gnu.org,886-353-6732
360,Benetta,Emmison,Laverack,blaverack9z@fotki.com,690-977-1103
361,Morgana,Mulles,Pregel,mpregela0@apple.com,234-800-1233
362,Christyna,Roofe,Rohlf,crohlfa1@fema.gov,269-966-1317
363,Richy,Romanski,Ajsik,rajsika2@storify.com,652-849-5684
364,Marco,Pesticcio,Evetts,mevettsa3@wikipedia.org,623-336-0669
365,Allis,Crowcombe,Hunnable,ahunnablea4@mit.edu,994-991-2955
366,Flo,Runnett,Filchakov,ffilchakova5@seattletimes.com,322-531-4645
367,Mallory,Conneely,Berka,mberkaa6@so-net.ne.jp,653-111-0694
368,Eleonore,Mebes,Tarplee,etarpleea7@mit.edu,483-210-8654
369,Kathlin,Donaghie,Mordue,kmorduea8@jalbum.net,441-396-8470
370,Ros,Atcherley,Kemmey,rkemmeya9@usda.gov,416-458-5728
371,Margaretha,Scamerdine,Wombwell,mwombwellaa@chronoengine.com,235-552-4497
372,Vick,Butland,Rowlatt,vrowlattab@seesaa.net,839-927-4226
373,Debora,Fildery,Lettsom,dlettsomac@ning.com,709-344-1445
374,Chere,Nice,Bomb,cbombad@msu.edu,715-979-0410
375,Waverly,Zieme,Cardoo,wcardooae@jimdo.com,340-520-0518
376,Nona,Dollard,Malacrida,nmalacridaaf@state.tx.us,784-991-9415
377,Evy,Fiorentino,Bazell,ebazellag@google.com.br,562-545-3643
378,Tressa,Freeth,Greim,tgreimah@weebly.com,112-152-9585
379,Tanney,Franc,Gurnay,tgurnayai@mashable.com,361-627-5316
380,Rikki,Dowtry,Okeshott,rokeshottaj@blinklist.com,643-672-4139
381,Cass,Mastrantone,Wibrew,cwibrewak@paginegialle.it,845-955-5592
382,Anatol,Shepheard,Antunez,aantunezal@cdbaby.com,994-392-4335
383,Merna,McCrea,Ralfe,mralfeam@sciencedirect.com,484-629-4447
384,Marge,Wallbank,Routham,mrouthaman@hugedomains.com,743-554-1777
385,Leola,Stredwick,Shotton,lshottonao@dailymotion.com,991-686-0113
386,Xylina,Beyn,Damerell,xdamerellap@dailymail.co.uk,535-972-5024
387,Stephana,Erricker,Seelbach,sseelbachaq@webeden.co.uk,835-862-6913
388,Tracy,Steadman,Pennetti,tpennettiar@globo.com,911-500-7885
389,Hercule,Howood,Pakenham,hpakenhamas@businessweek.com,260-482-5964
390,Andeee,Filippozzi,Haveline,ahavelineat@usatoday.com,930-168-3915
391,Garey,Ovens,Gocher,ggocherau@elpais.com,928-721-2104
392,Phillip,Parken,Laffranconi,plaffranconiav@reference.com,460-259-1924
393,Chad,Easeman,MacGahy,cmacgahyaw@wunderground.com,113-148-8005
394,Garvin,Shelliday,Bradnum,gbradnumax@ask.com,867-335-5026
395,Zaria,Massingberd,Buncom,zbuncomay@engadget.com,417-514-9410
396,Maybelle,MacGeaney,Kuhnt,mkuhntaz@com.com,837-883-4019
397,Hewet,Blondell,Radloff,hradloffb0@washingtonpost.com,186-632-2305
398,Madelena,Trorey,Cabrer,mcabrerb1@people.com.cn,275-587-0820
399,Shanda,Helling,Bartos,sbartosb2@cnn.com,520-842-0967
400,Rafe,Ditchfield,Meiner,rmeinerb3@hp.com,728-269-6445
401,Ainsley,Mainston,Hakking,ahakkingb4@phpbb.com,156-393-8589
402,Renee,Kitteman,Cosby,rcosbyb5@cnet.com,226-894-6873
403,Elisha,Zavattari,Powlesland,epowleslandb6@hexun.com,406-433-8221
404,De witt,Gregine,Tarply,dtarplyb7@last.fm,301-133-6479
405,Tallou,Perrelli,Hessay,thessayb8@google.com,962-451-1727
406,Ralf,Bullin,Bleiman,rbleimanb9@jimdo.com,258-591-9305
407,Faun,Terbeek,Scading,fscadingba@ucoz.ru,271-490-3943
408,Peggi,Collumbine,Ellif,pellifbb@theglobeandmail.com,802-713-8310
409,Dalton,Yushin,Dayton,ddaytonbc@engadget.com,369-427-1331
410,Tony,Crus,Redpath,tredpathbd@disqus.com,393-451-2617
411,Madge,Alton,Dinneges,mdinnegesbe@epa.gov,833-794-0980
412,Goran,Leynham,Purbrick,gpurbrickbf@comsenz.com,307-481-7309
413,Marigold,Mungane,McIlriach,mmcilriachbg@php.net,471-587-7257
414,Kirstyn,Wiffler,Cham,kchambh@springer.com,348-127-3305
415,Tamara,Vuittet,Paolini,tpaolinibi@flavors.me,939-876-7847
416,Wilfred,Coggins,Strute,wstrutebj@ocn.ne.jp,792-856-0093
417,Barton,Debell,Moseley,bmoseleybk@linkedin.com,806-725-2057
418,Kippar,Reames,Windas,kwindasbl@loc.gov,339-439-9975
419,Goldina,Kimble,Eland,gelandbm@addtoany.com,284-990-3416
420,Kandy,Bilyard,Coll,kcollbn@craigslist.org,867-980-8835
421,Jayme,Grishakov,Moult,jmoultbo@archive.org,717-164-3872
422,Kaiser,Jarrette,Jefferd,kjefferdbp@ocn.ne.jp,556-419-8798
423,Blondelle,Greenard,Darter,bdarterbq@chicagotribune.com,124-525-9196
424,Tiena,Pawlyn,Olivari,tolivaribr@1und1.de,722-623-5304
425,De witt,Keizman,Peplow,dpeplowbs@bluehost.com,416-697-4010
426,Kyla,Caldecutt,Stanes,kstanesbt@patch.com,607-305-2888
427,Casey,Bellefant,Harcase,charcasebu@godaddy.com,276-449-9306
428,Lauretta,Beach,Tootin,ltootinbv@answers.com,998-754-1060
429,Gray,Brownsill,Chalker,gchalkerbw@house.gov,377-549-5613
430,Deena,Wassell,Clail,dclailbx@canalblog.com,676-526-1272
431,Dee dee,Runciman,Headingham,dheadinghamby@liveinternet.ru,164-275-6533
432,Fred,Walczak,Spelsbury,fspelsburybz@lycos.com,560-829-5447
433,Roxine,Gadeaux,Ferrino,rferrinoc0@symantec.com,104-945-5492
434,Gilli,Myhill,Peak,gpeakc1@de.vu,228-388-8056
435,Billy,Crosfeld,Teffrey,bteffreyc2@paginegialle.it,392-146-5668
436,Harriot,Bessom,Addenbrooke,haddenbrookec3@bizjournals.com,469-917-6557
437,Jenna,Wilkerson,Briscow,jbriscowc4@npr.org,914-488-0498
438,Yule,Robertshaw,Menear,ymenearc5@admin.ch,927-784-9690
439,Goldi,Dunks,Yeudall,gyeudallc6@nationalgeographic.com,589-204-8222
440,Lianna,Beri,Dimnage,ldimnagec7@dion.ne.jp,812-986-2972
441,Hollie,Stroyan,Grassin,hgrassinc8@forbes.com,661-569-2522
442,Fabio,Philipeau,Nilles,fnillesc9@hc360.com,423-317-7869
443,Elle,Warhurst,Cotilard,ecotilardca@de.vu,249-342-6745
444,Hobard,Bramstom,McLorinan,hmclorinancb@ebay.com,738-994-2848
445,Beth,Lemmanbie,Mercy,bmercycc@sphinn.com,993-172-0256
446,Mile,Honeyghan,Gierardi,mgierardicd@yellowbook.com,120-527-2063
447,Candice,Arnaldi,Dagnan,cdagnance@bloomberg.com,944-444-8571
448,Neal,Astill,Caldecot,ncaldecotcf@nps.gov,885-574-1174
449,Ned,Falcus,Lanney,nlanneycg@cpanel.net,374-501-6699
450,Leonerd,Dummer,Lerven,llervench@tmall.com,315-601-1123
451,Meagan,Melmoth,Fursse,mfursseci@is.gd,540-141-6994
452,Reine,Gronou,Behan,rbehancj@disqus.com,876-158-8161
453,Corly,Newlands,Trippett,ctrippettck@gmpg.org,570-748-3266
454,Tawnya,Brigginshaw,Reddle,treddlecl@list-manage.com,703-451-1102
455,Claus,Siemandl,Puttan,cputtancm@histats.com,101-620-7431
456,Sybilla,Hatherleigh,Legrice,slegricecn@networksolutions.com,795-362-8946
457,Gayla,Courtenay,Cayzer,gcayzerco@salon.com,871-105-3919
458,Elisha,Dionisii,Godfree,egodfreecp@craigslist.org,286-822-0192
459,Lindon,Clemits,Bulteel,lbulteelcq@live.com,396-864-9096
460,Ulysses,Ertel,Shucksmith,ushucksmithcr@businessweek.com,995-693-3027
461,Constantine,Trulocke,Phil,cphilcs@e-recht24.de,470-537-1957
462,Fabien,Brookwell,Flockhart,fflockhartct@sina.com.cn,703-176-2532
463,Perl,Stabbins,Yashin,pyashincu@telegraph.co.uk,682-913-7038
464,Pryce,Jarratt,Elgood,pelgoodcv@wisc.edu,171-299-7455
465,Adorne,Bloomfield,Backshall,abackshallcw@salon.com,852-385-2667
466,Josiah,Dix,Kubu,jkubucx@dropbox.com,539-652-7746
467,Brandi,Skotcher,McCudden,bmccuddency@wikimedia.org,502-830-4777
468,Curcio,Yoskowitz,Probart,cprobartcz@oakley.com,738-186-2302
469,Mischa,Proom,Timson,mtimsond0@stumbleupon.com,764-780-1451
470,Timmie,Olenchenko,Trice,ttriced1@theguardian.com,844-678-4701
471,Sybila,Longforth,Francino,sfrancinod2@prlog.org,164-361-6496
472,Cindee,Crother,Crosham,ccroshamd3@amazon.co.jp,282-504-7541
473,Octavius,Cheverell,Winham,owinhamd4@topsy.com,166-795-4285
474,Nevins,Barkus,Bentinck,nbentinckd5@illinois.edu,774-725-1125
475,Maggi,Hacksby,Dudlestone,mdudlestoned6@google.com.br,964-998-7475
476,Christoforo,Dranfield,Tippin,ctippind7@stumbleupon.com,113-575-9685
477,Dahlia,Stronack,Brasher,dbrasherd8@scientificamerican.com,246-777-5464
478,Monti,Todaro,Ivens,mivensd9@plala.or.jp,308-986-3148
479,Mathian,Relton,Keming,mkemingda@apple.com,695-946-2989
480,Kelvin,Flanigan,Bille,kbilledb@state.gov,493-206-8773
481,Juliet,McMeanma,Lankham,jlankhamdc@oaic.gov.au,379-893-7617
482,Marty,Boteman,Golthorpp,mgolthorppdd@omniture.com,521-455-1289
483,Lyndsay,Siege,Chetwynd,lchetwyndde@apple.com,726-337-8138
484,Nickie,Braywood,Abys,nabysdf@yellowbook.com,379-932-0771
485,Minette,Cartman,Milkin,mmilkindg@omniture.com,270-784-5039
486,Portie,Stut,Stayt,pstaytdh@google.co.uk,876-972-3442
487,Ettie,Merryfield,Compson,ecompsondi@intel.com,504-885-6523
488,Fonzie,Lamport,Worcester,fworcesterdj@technorati.com,944-823-9542
489,Adham,Caseley,Ortes,aortesdk@jugem.jp,781-874-0820
490,Stanley,Wadeson,Shakesby,sshakesbydl@shareasale.com,752-444-8437
491,Linea,Skahill,Buessen,lbuessendm@unblog.fr,619-581-7541
492,Daphna,Bowditch,Dillinger,ddillingerdn@msu.edu,411-868-2593
493,Guss,Damrell,Chilles,gchillesdo@whitehouse.gov,360-797-9880
494,Christine,Blackbourn,Tobias,ctobiasdp@ucsd.edu,590-138-9667
495,Saraann,Gildersleeve,Lanmeid,slanmeiddq@smugmug.com,453-792-5480
496,Marin,Corroyer,Posse,mpossedr@comsenz.com,374-367-5557
497,Grissel,Jouhan,Feldmus,gfeldmusds@soup.io,172-578-4373
498,Bobbe,Vanin,Tomik,btomikdt@constantcontact.com,781-551-4540
499,Orland,Letts,Woltering,owolteringdu@sfgate.com,103-742-2063
500,Noami,Bestall,Edyson,nedysondv@1688.com,114-205-4281
501,Valaree,Judkin,Dower,vdowerdw@cargocollective.com,573-172-8068
502,Rufus,Whitehall,Pilmore,rpilmoredx@theguardian.com,836-116-0310
503,Pembroke,Dadge,January 1st,pjanuarystdy@amazon.co.uk,801-701-3603
504,Hercules,Tune,MacLeod,hmacleoddz@liveinternet.ru,668-246-8730
505,Bradford,Feeley,Gostridge,bgostridgee0@wikispaces.com,165-235-9654
506,Hoyt,Cluley,Dyment,hdymente1@nyu.edu,358-409-6959
507,Aviva,Hasker,Gantzman,agantzmane2@wired.com,628-933-7618
508,Fidole,Bischoff,Pflieger,fpfliegere3@surveymonkey.com,932-460-5116
509,Blair,Arkcoll,Vedishchev,bvedishcheve4@apache.org,260-115-7649
510,Hana,Symes,Matasov,hmatasove5@zimbio.com,630-559-8048
511,Gustavo,Gatherell,Nuton,gnutone6@baidu.com,210-780-1982
512,Rubin,Stihl,Dabbes,rdabbese7@rakuten.co.jp,208-556-7468
513,Cindra,Wild,Behan,cbehane8@blogspot.com,214-753-3477
514,Diane-marie,Stead,Antoney,dantoneye9@dot.gov,391-269-2962
515,Glynis,Castagnet,Miche,gmicheea@fema.gov,149-927-2125
516,Lemmie,Rohmer,Serck,lserckeb@fastcompany.com,920-278-5905
517,Lucy,Odell,O'Scully,loscullyec@cbc.ca,179-353-7910
518,Leanora,Margetts,Bellward,lbellwarded@hostgator.com,741-345-7310
519,Elyse,Waters,Nesbit,enesbitee@is.gd,325-352-4717
520,Maynard,Dye,Boles,mbolesef@gmpg.org,519-967-7684
521,Guenna,Lamzed,Gubbin,ggubbineg@miibeian.gov.cn,283-867-6707
522,Teri,Thomtson,Lowry,tlowryeh@php.net,443-706-3201
523,Linzy,Frowen,Goodered,lgooderedei@google.it,732-344-6111
524,Mathe,Dollar,Cancott,mcancottej@thetimes.co.uk,175-187-6183
525,Miguelita,Gooddie,Gilberthorpe,mgilberthorpeek@histats.com,536-626-5187
526,Ilaire,Ryall,Gurr,igurrel@upenn.edu,784-840-7691
527,Vivienne,Snaden,McLachlan,vmclachlanem@yellowpages.com,448-114-1004
528,Shelli,Bute,Summersby,ssummersbyen@springer.com,271-983-5591
529,Elisha,Westmerland,Puckey,epuckeyeo@vistaprint.com,460-162-0678
530,Obed,Racine,Conybear,oconybearep@apple.com,715-204-1926
531,Corrie,Elgey,Baskwell,cbaskwelleq@spiegel.de,360-121-1931
532,Verna,Moggach,Bruckstein,vbrucksteiner@census.gov,466-543-7543
533,Marris,Longstreet,Bonaire,mbonairees@e-recht24.de,763-222-4286
534,Flossy,Sebire,Fandrey,ffandreyet@deliciousdays.com,400-474-0609
535,Stephen,Bott,Hendrich,shendricheu@paypal.com,796-642-6000
536,Rafaelita,Korda,Matchitt,rmatchittev@about.me,459-281-5951
537,Joshua,Sawkin,O'Longain,jolongainew@delicious.com,144-327-6188
538,Yuma,Seamarke,Durno,ydurnoex@prlog.org,228-349-0754
539,Juliane,Swatradge,Ewbanke,jewbankeey@ovh.net,510-651-7303
540,Hughie,Grovier,Mulcahy,hmulcahyez@163.com,716-848-8958
541,Obediah,Sorsby,Skingley,oskingleyf0@oracle.com,606-670-6015
542,Swen,McAlister,Dockree,sdockreef1@apache.org,713-462-9362
543,Farrah,Leythley,Sanzio,fsanziof2@boston.com,968-772-9380
544,Reyna,Godsell,Bolino,rbolinof3@amazonaws.com,341-479-4882
545,Abigael,Drynan,Hagan,ahaganf4@people.com.cn,678-656-6797
546,Frances,Barrowclough,Hugenin,fhugeninf5@telegraph.co.uk,627-488-4841
547,Quint,Klicher,Exall,qexallf6@nbcnews.com,145-712-5915
548,Annora,Harrington,Chidgey,achidgeyf7@constantcontact.com,955-836-2352
549,Nathalie,Dimitriou,Everill,neverillf8@seattletimes.com,121-257-2614
550,Cymbre,De Blasi,Seedull,cseedullf9@oakley.com,588-173-5027
551,Man,Grunwall,Auletta,maulettafa@zimbio.com,864-621-4736
552,Billy,Crone,Symson,bsymsonfb@businessweek.com,475-785-3379
553,Dianemarie,Doley,Delamar,ddelamarfc@live.com,404-150-7863
554,Dion,Skowcraft,Hessentaler,dhessentalerfd@myspace.com,988-114-6411
555,Burton,Cornew,Billings,bbillingsfe@dyndns.org,849-218-1744
556,Melina,Deeny,Brevetor,mbrevetorff@dailymotion.com,418-423-4339
557,Rafaelita,O'Lynn,Mertsching,rmertschingfg@nifty.com,192-833-0105
558,Felicle,Etuck,Cahn,fcahnfh@odnoklassniki.ru,313-942-0998
559,Benjy,Jurges,Hunt,bhuntfi@utexas.edu,466-897-0388
560,Ryon,Peeter,Gidley,rgidleyfj@seesaa.net,244-248-6607
561,Cathe,Windross,Brouard,cbrouardfk@cpanel.net,263-781-6744
562,Sofie,Gye,Fursse,sfurssefl@feedburner.com,658-171-4925
563,Merry,Hansmann,McRory,mmcroryfm@meetup.com,219-920-7842
564,Lavena,Degli Abbati,Summerhayes,lsummerhayesfn@sitemeter.com,858-628-1346
565,Barney,Mabbe,Lakes,blakesfo@mozilla.org,935-467-3308
566,Bourke,Minall,Rummings,brummingsfp@ovh.net,434-211-2825
567,Lawrence,Kittoe,Hacun,lhacunfq@unicef.org,411-372-4732
568,Miguelita,Belfelt,Banaszczyk,mbanaszczykfr@google.com.au,736-888-4229
569,Hugues,Patrone,Settle,hsettlefs@loc.gov,721-586-2202
570,Torin,Breston,Andrejs,tandrejsft@miibeian.gov.cn,373-842-5719
571,Myranda,Cable,Hessentaler,mhessentalerfu@theatlantic.com,616-887-0373
572,Tootsie,Southerton,Worsalls,tworsallsfv@nydailynews.com,631-153-8071
573,Fred,Grassick,Ledley,fledleyfw@usa.gov,904-873-3749
574,Padget,Pinnijar,Jankovsky,pjankovskyfx@drupal.org,521-414-0687
575,Jereme,Lowbridge,Ledram,jledramfy@tuttocitta.it,244-674-4379
576,Siouxie,Peaker,Basillon,sbasillonfz@dailymail.co.uk,209-809-9822
577,Maitilde,Fessler,Lill,mlillg0@constantcontact.com,299-773-1075
578,Dacey,Thominga,Nolder,dnolderg1@bizjournals.com,501-164-5306
579,Darrelle,Gaines,Camamill,dcamamillg2@smh.com.au,164-960-8348
580,Lari,Janczak,Abramamovh,labramamovhg3@tripadvisor.com,430-509-3192
581,Ardyce,Lamb-shine,Statham,astathamg4@twitpic.com,784-466-1622
582,Cirstoforo,Brien,Haines,chainesg5@fema.gov,118-592-8400
583,Horace,Ashwood,Summerley,hsummerleyg6@hexun.com,518-788-1121
584,Talyah,FitzGilbert,Sherer,tshererg7@addthis.com,545-287-5903
585,Corrinne,Perkins,Kellington,ckellingtong8@reddit.com,465-469-5158
586,Tiffani,Cardiff,Vondracek,tvondracekg9@studiopress.com,213-855-6832
587,Olivie,Itzhayek,Kennerley,okennerleyga@163.com,690-963-0875
588,Andre,Hully,Fallens,afallensgb@deliciousdays.com,360-412-6292
589,Viviana,Tynan,Heephy,vheephygc@wp.com,635-429-9120
590,Alvie,Frensch,Loche,alochegd@yellowbook.com,558-683-2490
591,Jennee,Vasyutichev,Stelli,jstellige@csmonitor.com,369-351-9525
592,Francine,Burkill,Spykins,fspykinsgf@gnu.org,533-323-5518
593,Wildon,Noseworthy,Friatt,wfriattgg@liveinternet.ru,802-100-0493
594,Lutero,Lidgertwood,Fallis,lfallisgh@ca.gov,901-525-2503
595,Minerva,Cassie,Sills,msillsgi@cargocollective.com,708-810-9156
596,Ezechiel,Coslett,Buckner,ebucknergj@purevolume.com,330-152-8061
597,Irina,Scain,Addenbrooke,iaddenbrookegk@reverbnation.com,472-916-8630
598,Emmye,Eloy,Tutchings,etutchingsgl@un.org,633-860-1541
599,Oswald,Wakley,Keane,okeanegm@studiopress.com,589-299-2533
600,Rose,Stoakley,Skeel,rskeelgn@about.com,194-711-6183
601,Starlin,Gaiter,Patel,spatelgo@whitehouse.gov,905-836-8440
602,Patton,Daugherty,Fowles,pfowlesgp@ucla.edu,329-241-9143
603,Perren,Escreet,Caught,pcaughtgq@macromedia.com,711-867-4234
604,Sylvan,Eede,Pashan,spashangr@cocolog-nifty.com,698-453-3206
605,Tomas,Ortas,Sinclair,tsinclairgs@forbes.com,485-636-6905
606,Cathi,Swatheridge,Dietzler,cdietzlergt@t.co,875-845-1327
607,Lurlene,Stoffersen,Mc Caughan,lmccaughangu@yellowpages.com,134-256-3363
608,Melloney,Abys,Burgoin,mburgoingv@youku.com,854-315-7316
609,Adamo,Osipenko,Scarse,ascarsegw@bloglovin.com,754-278-4894
610,Hillary,Gerriessen,Ducroe,hducroegx@tamu.edu,781-809-0937
611,Jourdain,Petasch,Benson,jbensongy@webeden.co.uk,290-581-2497
612,Hilly,Hayball,Greir,hgreirgz@nba.com,879-220-6906
613,Hersch,Gillett,Gostick,hgostickh0@webs.com,341-197-7202
614,Rosy,Peltz,Struijs,rstruijsh1@opensource.org,659-673-2714
615,Reena,Mcimmie,Adamovitz,radamovitzh2@tuttocitta.it,259-108-7612
616,Amalee,Gadeaux,Easbie,aeasbieh3@fc2.com,828-840-8068
617,Demetri,Lipson,Pherps,dpherpsh4@com.com,201-863-7903
618,Hephzibah,Husthwaite,Artis,hartish5@bloglines.com,738-708-4278
619,Bradford,Grimstead,Solomonides,bsolomonidesh6@mediafire.com,670-636-9094
620,Joela,Keatley,Aveling,javelingh7@ustream.tv,289-174-8378
621,Konstantin,Pires,Gosson,kgossonh8@livejournal.com,110-644-7346
622,Hesther,Wogan,Hayles,hhaylesh9@gnu.org,876-237-8354
623,Hal,Fernandez,Searston,hsearstonha@nationalgeographic.com,960-437-1758
624,Lyndsie,Vernay,Trodler,ltrodlerhb@examiner.com,803-935-5160
625,Zed,Fockes,Lonsdale,zlonsdalehc@usa.gov,176-253-4385
626,Boonie,Benech,Rutgers,brutgershd@nih.gov,373-408-3047
627,Gasper,Geerits,Serrels,gserrelshe@ustream.tv,544-584-0949
628,Clemens,Macklin,Wickardt,cwickardthf@umn.edu,364-567-8119
629,Britt,Stellman,Dwerryhouse,bdwerryhousehg@ox.ac.uk,453-493-4350
630,Maurita,Leavesley,Shields,mshieldshh@dion.ne.jp,700-827-3284
631,May,Zanetello,Machin,mmachinhi@yandex.ru,318-647-6630
632,Sigismond,Afonso,Cuxon,scuxonhj@google.it,367-570-4822
633,Reeta,Freeburn,Blum,rblumhk@jiathis.com,741-452-4282
634,Haydon,Seear,Budgey,hbudgeyhl@epa.gov,885-423-0717
635,L;urette,Lias,Wolland,lwollandhm@vinaora.com,464-386-8237
636,Louis,Nicholl,Ryder,lryderhn@newsvine.com,296-472-9683
637,Lizette,Baulch,Burk,lburkho@google.ca,889-440-4206
638,Shari,Heifer,Bruun,sbruunhp@com.com,497-912-4392
639,Merle,Cuttelar,Flarity,mflarityhq@engadget.com,484-957-7851
640,Melloney,Bandey,Kaming,mkaminghr@utexas.edu,239-419-6590
641,Niven,Defraine,Guillond,nguillondhs@taobao.com,874-304-8063
642,Dorthy,Thackston,Curle,dcurleht@auda.org.au,992-820-0611
643,Leodora,Manolov,De-Ville,ldevillehu@reuters.com,164-851-7387
644,Martainn,Braney,Dawbery,mdawberyhv@canalblog.com,160-830-4930
645,Ruthanne,Gallyhaock,Faill,rfaillhw@tripod.com,840-766-0224
646,Beatrice,Adolfsen,Windley,bwindleyhx@uol.com.br,142-902-3798
647,Launce,Robbings,Dust,ldusthy@yahoo.co.jp,528-955-2422
648,Vladimir,Velde,Cawthorne,vcawthornehz@nytimes.com,627-618-1883
649,Jolee,Worner,Spearman,jspearmani0@globo.com,930-520-7879
650,Lottie,McCartney,Titta,ltittai1@weather.com,542-815-3456
651,Huntlee,Fannon,Railton,hrailtoni2@etsy.com,793-535-8243
652,Asher,Lamar,Trenholme,atrenholmei3@gov.uk,399-298-0986
653,Corette,Craker,Beals,cbealsi4@example.com,998-330-5959
654,Harmony,Bloggett,Slight,hslighti5@oracle.com,609-232-7944
655,Merill,Hazard,Reburn,mreburni6@people.com.cn,279-413-1983
656,Weber,McKimm,Epgrave,wepgravei7@senate.gov,719-724-2225
657,Jordan,Molineux,Rockcliffe,jrockcliffei8@hibu.com,547-811-6283
658,Hartwell,Carletto,Luckwell,hluckwelli9@diigo.com,699-584-8518
659,Andy,Firbank,Lieb,aliebia@acquirethisname.com,892-316-5444
660,Ahmad,Gouinlock,Noweak,anoweakib@wikia.com,427-661-5528
661,Vallie,Vial,Yakuntsov,vyakuntsovic@wordpress.org,467-146-3250
662,Hill,Hedgeman,Aleshintsev,haleshintsevid@utexas.edu,181-356-5740
663,Robby,Tyhurst,Isaaksohn,risaaksohnie@ed.gov,570-875-6082
664,Margarete,Dorling,Liepmann,mliepmannif@bbb.org,947-581-5696
665,Tina,O'Crevan,Nicely,tnicelyig@hao123.com,795-196-2349
666,Lilith,Whillock,Wimsett,lwimsettih@nsw.gov.au,272-670-3320
667,Octavia,Hartnell,Sizey,osizeyii@tmall.com,624-174-3883
668,Marley,Reder,Maughan,mmaughanij@fda.gov,432-588-5252
669,Griffie,Bissatt,Skerrett,gskerrettik@usnews.com,177-933-3874
670,Trever,Wreiford,Wankel,twankelil@accuweather.com,758-641-7099
671,Jae,Winnett,Artus,jartusim@fema.gov,428-500-0337
672,Sigvard,Norkutt,Stolberg,sstolbergin@wsj.com,755-260-2833
673,Cybill,Vedenichev,Cathcart,ccathcartio@discovery.com,870-437-9750
674,Cordey,Manklow,Quernel,cquernelip@newyorker.com,459-949-3094
675,Amelita,Balthasar,Swafield,aswafieldiq@ow.ly,970-253-1939
676,Thorin,Killelea,Galletley,tgalletleyir@slate.com,946-503-9770
677,Harriott,Szantho,Waterland,hwaterlandis@jigsy.com,228-963-5831
678,Fidole,Jirek,Shakespear,fshakespearit@nature.com,471-767-3092
679,Cleveland,Pinckard,Whitmarsh,cwhitmarshiu@g.co,354-748-6618
680,Annora,Colhoun,Perkin,aperkiniv@amazonaws.com,542-890-4416
681,Aube,Ratie,Fansy,afansyiw@dion.ne.jp,352-167-1700
682,Redford,Maleck,Lening,rleningix@narod.ru,450-482-3510
683,Miner,Cakes,Danielsson,mdanielssoniy@scientificamerican.com,123-705-4191
684,Pauly,Giannazzi,Tatters,ptattersiz@whitehouse.gov,859-505-7528
685,Scarlet,Hurrion,Bagger,sbaggerj0@dailymail.co.uk,681-840-8951
686,Stephanie,Bridie,Kluss,sklussj1@youtube.com,830-224-2771
687,Reinold,Longden,Gimbrett,rgimbrettj2@gizmodo.com,421-139-1916
688,Lucienne,Huertas,Lidgertwood,llidgertwoodj3@ow.ly,908-476-5032
689,Almire,Backe,Moehler,amoehlerj4@umich.edu,707-524-3857
690,Oby,Deares,Toolan,otoolanj5@imageshack.us,895-897-8819
691,Jacques,Zannini,Haggar,jhaggarj6@virginia.edu,741-599-7826
692,Khalil,Shelvey,Maddy,kmaddyj7@mac.com,282-252-5491
693,Anjanette,Dunsire,Palister,apalisterj8@bloglines.com,177-909-1404
694,Jess,Greenard,Kees,jkeesj9@hao123.com,562-974-1018
695,Elvis,Meachen,Marquis,emarquisja@twitpic.com,585-521-8993
696,Prescott,Doughton,Aireton,pairetonjb@europa.eu,861-983-2867
697,Minda,Verdun,Verchambre,mverchambrejc@ebay.com,535-792-6656
698,Brynn,Josupeit,Carding,bcardingjd@alexa.com,360-547-4370
699,Joyan,Conachy,Mayne,jmayneje@friendfeed.com,361-953-3418
700,Mischa,Espinal,Pharo,mpharojf@fema.gov,285-256-6935
701,Elnore,Tadgell,Thurlbeck,ethurlbeckjg@histats.com,684-837-5365
702,Muffin,Wynn,Cartwight,mcartwightjh@deviantart.com,995-206-1271
703,Maximilien,Edowes,Veazey,mveazeyji@youtube.com,239-603-4562
704,Agnes,Hansod,Antoszczyk,aantoszczykjj@ca.gov,968-232-6170
705,Fransisco,Laverick,Hudless,fhudlessjk@harvard.edu,940-568-2722
706,Tony,Donat,Ciubutaro,tciubutarojl@123-reg.co.uk,936-130-9647
707,Pansy,MacSporran,Cooley,pcooleyjm@naver.com,557-928-0171
708,Bay,Burberow,Krystek,bkrystekjn@youtube.com,762-527-0540
709,Antonella,Syrad,McAnulty,amcanultyjo@nsw.gov.au,732-346-6882
710,Swen,Chasmoor,Skipperbottom,sskipperbottomjp@redcross.org,537-692-0122
711,Dari,Mushart,Penwright,dpenwrightjq@bloomberg.com,475-854-3685
712,Roselin,Samper,Cryer,rcryerjr@sfgate.com,592-196-9011
713,Corbett,Shawe,Gell,cgelljs@google.de,408-764-9963
714,Ronnie,Somersett,Alldred,ralldredjt@mtv.com,919-552-2398
715,Francesca,Annatt,Hovard,fhovardju@issuu.com,304-836-7268
716,Adolphus,Bockings,Whyke,awhykejv@studiopress.com,251-103-8854
717,Nancy,Safhill,Buckenham,nbuckenhamjw@rambler.ru,516-536-9161
718,Barron,Maddy,Peagram,bpeagramjx@youku.com,447-186-3821
719,Lula,Burtonshaw,Shuard,lshuardjy@answers.com,279-638-2688
720,Tait,Neesam,Rodwell,trodwelljz@gravatar.com,422-551-4241
721,Ilysa,Gigg,Tonna,itonnak0@vk.com,834-461-6837
722,Barclay,Ducker,Tolputt,btolputtk1@mozilla.org,622-401-8419
723,Tiff,Patkin,Durston,tdurstonk2@geocities.jp,907-867-1178
724,Valerye,Moth,Barker,vbarkerk3@toplist.cz,596-984-6866
725,Ed,Littleproud,Bromhead,ebromheadk4@linkedin.com,618-465-1752
726,Tedra,Adamczewski,Leroy,tleroyk5@timesonline.co.uk,797-299-8614
727,Caz,Duke,Smallpeace,csmallpeacek6@sohu.com,964-341-3508
728,Prudi,Gasquoine,Rainbird,prainbirdk7@google.fr,597-410-6074
729,Gretel,Wright,Wattingham,gwattinghamk8@desdev.cn,972-194-0329
730,Jeremy,Earngy,Woofendell,jwoofendellk9@wiley.com,907-500-5003
731,Reinaldos,McJerrow,Nathon,rnathonka@mapy.cz,262-987-5381
732,Agace,MacGinley,Sandercock,asandercockkb@telegraph.co.uk,562-180-9948
733,Vasilis,O' Molan,Poulsen,vpoulsenkc@nih.gov,984-794-6813
734,Ray,Tripony,Clink,rclinkkd@cocolog-nifty.com,576-806-2571
735,Olvan,Verrall,Livoir,olivoirke@dyndns.org,883-722-5544
736,Cullin,Chiene,Tooker,ctookerkf@cnn.com,501-377-0900
737,Christopher,Romer,Dahlback,cdahlbackkg@4shared.com,799-506-2744
738,Hurleigh,Littlefair,Mioni,hmionikh@nytimes.com,847-434-8669
739,Herve,Biesterfeld,De Mitri,hdemitriki@t-online.de,425-939-3005
740,Karoly,Bunten,Raft,kraftkj@last.fm,626-947-5687
741,Kriste,Toping,Galvan,kgalvankk@mediafire.com,379-628-2470
742,Gus,Limb,Bresner,gbresnerkl@blogger.com,708-389-8370
743,Tania,Brandle,Francklyn,tfrancklynkm@comcast.net,675-662-8519
744,Art,Surgeon,Troker,atrokerkn@bloglines.com,170-653-8058
745,Brianna,Schurig,Giuroni,bgiuroniko@telegraph.co.uk,837-903-0833
746,Bianka,Dobbson,Deeming,bdeemingkp@cdbaby.com,675-807-5517
747,Antin,Mayhou,McElrath,amcelrathkq@admin.ch,687-782-3646
748,Clemmy,Tutill,Cortez,ccortezkr@guardian.co.uk,570-820-9705
749,Bobbee,Cuss,Caccavari,bcaccavariks@reddit.com,932-156-8229
750,Josiah,Fathers,Swetland,jswetlandkt@flickr.com,797-294-8292
751,Johna,Mellem,Gaw,jgawku@blogs.com,294-905-0396
752,Casar,Greeveson,Idale,cidalekv@mysql.com,413-562-9571
753,Ab,Bevan,Cridlon,acridlonkw@illinois.edu,460-502-4354
754,Bettye,Pock,Robertelli,brobertellikx@slashdot.org,279-789-3662
755,Sari,Prando,Lieber,slieberky@webeden.co.uk,906-975-5125
756,Denise,Franies,Boyen,dboyenkz@1und1.de,760-725-3282
757,Teodor,Bolmann,Franceschielli,tfranceschiellil0@arizona.edu,152-112-1444
758,Paxon,Zoanetti,Stockton,pstocktonl1@ameblo.jp,652-914-9745
759,Manny,Rastall,Marquez,mmarquezl2@unblog.fr,714-365-0563
760,Kizzee,Hirthe,Normanvill,knormanvilll3@is.gd,639-791-0767
761,Rakel,Comini,Sirman,rsirmanl4@paginegialle.it,883-674-6097
762,Marys,Gordon,Zanuciolii,mzanucioliil5@bizjournals.com,794-201-8047
763,Madella,Milligan,Nicklin,mnicklinl6@amazonaws.com,114-198-5767
764,Byran,Dummer,Gissing,bgissingl7@xinhuanet.com,897-868-2728
765,Vitia,Troni,Della,vdellal8@netlog.com,153-179-6248
766,Hadrian,Capnerhurst,Brownsea,hbrownseal9@abc.net.au,474-954-0637
767,Teddy,Damarell,Kemshell,tkemshellla@blogs.com,424-956-8541
768,Grady,Robertsen,Fraser,gfraserlb@seattletimes.com,267-648-3556
769,Haily,Camelli,Dispencer,hdispencerlc@live.com,747-646-2626
770,Graham,Mizen,Parradice,gparradiceld@nps.gov,546-408-6328
771,Dominique,Rosenblad,Drinkhill,ddrinkhillle@cbc.ca,754-527-5814
772,Jobi,Melladew,Jaynes,jjayneslf@slashdot.org,361-999-5382
773,Clarey,Gooda,Killiam,ckilliamlg@imageshack.us,298-483-9916
774,Timmy,Kruger,Shelly,tshellylh@tmall.com,638-372-9421
775,Wittie,Seneschal,Tregoning,wtregoningli@go.com,540-345-9601
776,Maureen,Graysmark,Tosdevin,mtosdevinlj@nih.gov,655-762-9659
777,Adelbert,Woods,Blackley,ablackleylk@123-reg.co.uk,812-610-5415
778,Perkin,Lanfere,Dovermann,pdovermannll@unicef.org,179-405-9558
779,Jeanette,Jacklin,Yuille,jyuillelm@cargocollective.com,361-803-9440
780,Madalena,Laurence,Wysome,mwysomeln@google.co.jp,121-850-4192
781,Talya,Vasilechko,Grain,tgrainlo@sphinn.com,881-830-3973
782,Lindsy,Stang-Gjertsen,Stannion,lstannionlp@columbia.edu,782-861-1043
783,Elston,Bridell,Thatcham,ethatchamlq@timesonline.co.uk,433-797-9916
784,Sara,Pallin,Lipsett,slipsettlr@theglobeandmail.com,905-871-3748
785,Gar,Vesco,MacTrustam,gmactrustamls@bluehost.com,381-594-8413
786,Jerrylee,Hembry,Robardley,jrobardleylt@blogspot.com,615-105-6870
787,Christen,Kinsella,Scholler,cschollerlu@slashdot.org,656-458-7516
788,Marchelle,Wytchard,Lorimer,mlorimerlv@gizmodo.com,789-514-3149
789,Iris,Alvis,Yanson,iyansonlw@discuz.net,385-250-5233
790,Suzann,Hodcroft,Testo,stestolx@creativecommons.org,779-343-6924
791,Rodie,Tompkinson,Iltchev,riltchevly@blogs.com,927-942-4511
792,Tatum,Powling,Danskine,tdanskinelz@spiegel.de,675-367-8730
793,Brewster,Dendle,Cromley,bcromleym0@multiply.com,427-441-8365
794,Athene,Pennaman,Heinsen,aheinsenm1@geocities.com,666-844-4661
795,Niall,Sowley,Biddlecombe,nbiddlecombem2@nih.gov,792-683-7909
796,Ruby,Wilce,Kreber,rkreberm3@artisteer.com,181-205-9646
797,Nicki,St. Ledger,Lidington,nlidingtonm4@liveinternet.ru,216-873-8889
798,Brett,Sleightholme,Lancetter,blancetterm5@pcworld.com,732-338-8676
799,Arnold,Popland,Dackombe,adackombem6@toplist.cz,660-509-9280
800,Adora,Hudd,Abramzon,aabramzonm7@live.com,611-288-1846
801,Ursula,Dobrovsky,Luther,ulutherm8@skyrock.com,400-127-6476
802,Kora,Barltrop,Heath,kheathm9@blogger.com,651-825-8531
803,Charlene,Kinde,Overel,coverelma@admin.ch,195-668-8450
804,Chuck,Crosby,Minette,cminettemb@ustream.tv,818-673-0631
805,Zarla,Bradie,Llewellyn,zllewellynmc@sitemeter.com,178-297-9123
806,Simone,Corsor,Mannie,smanniemd@vistaprint.com,908-844-7873
807,Kimmy,Izatson,Akester,kakesterme@npr.org,589-451-2046
808,Silas,Heinrich,D'Souza,sdsouzamf@etsy.com,231-587-8760
809,Hesther,Aspden,Pendrick,hpendrickmg@wunderground.com,100-445-6564
810,Keefe,Mainston,McLae,kmclaemh@cbsnews.com,184-878-8406
811,Pepita,Cayford,Thorius,pthoriusmi@princeton.edu,480-458-3779
812,Briana,Shuttell,Bayns,bbaynsmj@tripadvisor.com,985-240-4715
813,Michal,Puddephatt,Lubman,mlubmanmk@hubpages.com,198-371-2478
814,Zarla,Streetfield,Willshaw,zwillshawml@dedecms.com,315-281-5295
815,Tadd,Lorent,Mattei,tmatteimm@eepurl.com,719-803-8333
816,Aggi,Huntar,Lowdyane,alowdyanemn@bluehost.com,271-705-3407
817,Renell,Peasnone,Finley,rfinleymo@rediff.com,261-158-6947
818,Gris,Drewitt,Morcom,gmorcommp@yahoo.com,329-155-7124
819,Kristen,Latliff,Horning,khorningmq@meetup.com,489-509-9137
820,Remington,Dog,Farrier,rfarriermr@wsj.com,457-988-3939
821,Hew,Marfell,Gelardi,hgelardims@economist.com,190-327-3390
822,Sully,Warlock,Coggan,scogganmt@arstechnica.com,705-350-3135
823,Sam,Murfin,Sleaford,ssleafordmu@ask.com,839-172-6258
824,Mozelle,Spellissy,Jorissen,mjorissenmv@oracle.com,341-873-2707
825,Liuka,Jendrys,Chesley,lchesleymw@vinaora.com,721-764-7581
826,Tommy,Levison,Wheeliker,twheelikermx@google.ca,359-493-1420
827,Elinor,Oddy,Murrish,emurrishmy@artisteer.com,676-327-7418
828,Al,Vear,Mynott,amynottmz@time.com,125-978-2843
829,Robbi,Rhydderch,Margrie,rmargrien0@cnn.com,783-761-0980
830,Aurel,Gebhard,Bardnam,abardnamn1@nydailynews.com,187-376-6430
831,Vonni,Bruyns,Hourston,vhourstonn2@umich.edu,261-886-3815
832,Gun,Drewry,Bruckental,gbruckentaln3@de.vu,804-295-6301
833,Meris,Hampe,Stuttard,mstuttardn4@pen.io,727-167-7674
834,Biddie,Rajchert,Schachter,bschachtern5@apache.org,796-484-1137
835,Corby,Raitie,Belf,cbelfn6@opera.com,502-624-1629
836,Tadio,Vell,Garlic,tgarlicn7@mapy.cz,830-952-3556
837,Theresita,Kennefick,Blagdon,tblagdonn8@smh.com.au,187-193-4055
838,Sydel,Nairne,Roadknight,sroadknightn9@lulu.com,244-445-1324
839,Lyn,Woolway,Boult,lboultna@bloglovin.com,260-611-7064
840,Kent,Andress,Rummer,krummernb@fema.gov,713-764-7273
841,Jo-ann,Pybus,Gullivan,jgullivannc@lulu.com,214-631-0122
842,Loree,Meffan,Bearman,lbearmannd@gravatar.com,894-341-0748
843,Janis,Delahunt,Gartside,jgartsidene@reverbnation.com,379-276-2240
844,Kristofor,Longrigg,Zannuto,kzannutonf@stanford.edu,703-904-4467
845,Erek,Viant,Walmsley,ewalmsleyng@narod.ru,524-856-9276
846,Ambrose,Mifflin,Jahan,ajahannh@sitemeter.com,561-940-7541
847,Sawyer,Kliement,Saladino,ssaladinoni@cnbc.com,365-101-9482
848,Waneta,Cash,Wiltshaw,wwiltshawnj@facebook.com,627-478-4509
849,Doralynne,Ruger,Spensly,dspenslynk@noaa.gov,512-197-3284
850,Gusty,Borzone,Walklett,gwalklettnl@businessinsider.com,269-195-2158
851,Amelie,O' Gara,Widdocks,awiddocksnm@wix.com,214-139-9940
852,Rutherford,Doag,Snalum,rsnalumnn@aol.com,809-138-6099
853,Daloris,Jaegar,Haggeth,dhaggethno@skyrock.com,998-798-3542
854,Dela,Lanmeid,Redmain,dredmainnp@intel.com,197-131-1127
855,Son,Bambrick,Sate,ssatenq@wufoo.com,544-993-1186
856,Carly,Knight,Windress,cwindressnr@msn.com,487-937-9089
857,Philippine,Beadell,Hancox,phancoxns@delicious.com,425-899-8217
858,Nonah,Towns,McLugish,nmclugishnt@samsung.com,679-465-3928
859,Dorothee,Matic,Grelka,dgrelkanu@myspace.com,488-878-7936
860,Rupert,Dalglish,Vero,rveronv@google.it,950-202-2871
861,Syman,Christofe,Dengate,sdengatenw@ameblo.jp,704-711-4748
862,Yvonne,Reddick,Halleybone,yhalleybonenx@sfgate.com,672-216-7841
863,Serene,Dilon,Meehan,smeehanny@wp.com,499-482-2798
864,Gabriella,Boyde,Halshaw,ghalshawnz@printfriendly.com,983-222-6027
865,Ethelyn,Popelay,Baskeyfied,ebaskeyfiedo0@livejournal.com,780-416-2397
866,Claudell,Parren,Duny,cdunyo1@nature.com,452-401-3218
867,Arny,Knok,Georgius,ageorgiuso2@google.com.br,776-440-4536
868,Caril,Dodgshon,Charrett,ccharretto3@unicef.org,955-763-6146
869,Milissent,Blaycock,Matitiaho,mmatitiahoo4@reference.com,272-921-2595
870,Gilli,Pamplin,Moyle,gmoyleo5@meetup.com,961-272-8184
871,Whit,Alker,Skamal,wskamalo6@usatoday.com,303-394-1413
872,Libbey,Paradis,Coughlan,lcoughlano7@jigsy.com,113-710-1272
873,Klarrisa,Mell,Schimek,kschimeko8@europa.eu,182-907-6560
874,Cherey,Swann,Bloxam,cbloxamo9@networksolutions.com,312-146-2302
875,Roley,Hedingham,Gamwell,rgamwelloa@google.fr,482-637-4282
876,Car,Bavin,Tytcomb,ctytcombob@bbb.org,585-282-9772
877,Quinlan,Branwhite,Hiddsley,qhiddsleyoc@jalbum.net,758-840-6364
878,Chad,Dillintone,Cordall,ccordallod@prnewswire.com,858-818-0605
879,Humfrey,Blundin,Idenden,hidendenoe@eepurl.com,977-915-8521
880,Leese,Cusiter,Ricoald,lricoaldof@indiegogo.com,129-801-7019
881,Carny,Daspar,Ellicock,cellicockog@sina.com.cn,226-699-8199
882,Dee dee,Marczyk,Reeders,dreedersoh@nymag.com,715-167-3607
883,Pascale,MacGuffie,Dargavel,pdargaveloi@freewebs.com,960-886-7869
884,Ogdan,Gately,Demangeon,odemangeonoj@sbwire.com,182-986-1459
885,Delphinia,Rothman,Bringloe,dbringloeok@xing.com,284-660-9754
886,Jodee,Pawle,Struttman,jstruttmanol@jugem.jp,428-307-3944
887,Arni,McAster,Woolfoot,awoolfootom@tripod.com,511-451-7175
888,Vin,Casbolt,Matusovsky,vmatusovskyon@bandcamp.com,246-525-2861
889,Tucky,Oneal,Richfield,trichfieldoo@fema.gov,702-478-9016
890,Lillis,Bruton,Eddins,leddinsop@dot.gov,253-724-1230
891,Dane,Kubiak,Petrelluzzi,dpetrelluzzioq@baidu.com,962-696-2954
892,Lonni,Warrener,Kinnane,lkinnaneor@unesco.org,871-425-9655
893,Reggi,Brome,Hummerston,rhummerstonos@ebay.com,569-752-5589
894,Obadias,Kepling,Lasty,olastyot@youtu.be,167-119-4978
895,Anthony,O'Malley,Hellard,ahellardou@state.gov,160-958-9850
896,Clair,Waple,Woolvin,cwoolvinov@europa.eu,998-813-8872
897,Weylin,Giovannardi,Trask,wtraskow@zdnet.com,540-940-7759
898,Enrico,Jandera,Lutwyche,elutwycheox@etsy.com,172-137-7346
899,Jeffry,Ciccarelli,Geach,jgeachoy@constantcontact.com,575-787-9093
900,Inesita,Baddoe,Seatter,iseatteroz@topsy.com,211-763-7565
901,Mal,Rochford,Snell,msnellp0@businessinsider.com,602-536-0641
902,Gregg,Tatford,Tippin,gtippinp1@amazon.co.uk,612-845-1243
903,Charmane,Normabell,Liversedge,cliversedgep2@alibaba.com,305-624-4497
904,Diego,Heak,Stennings,dstenningsp3@hc360.com,776-419-7797
905,Damita,Hailey,Howatt,dhowattp4@gmpg.org,503-251-3199
906,Tibold,Callf,Frostdick,tfrostdickp5@homestead.com,330-798-2514
907,Thane,Eakly,Passo,tpassop6@blogger.com,428-762-4821
908,Weylin,Wood,Niche,wnichep7@ustream.tv,507-499-2896
909,Bryant,Voase,Houlaghan,bhoulaghanp8@amazon.de,301-805-2395
910,Sonnie,Dorey,Courson,scoursonp9@un.org,344-664-0173
911,Austen,Groarty,Farrar,afarrarpa@biblegateway.com,166-573-5214
912,Ortensia,Jeune,Irlam,oirlampb@people.com.cn,746-337-9469
913,Janna,Lansberry,Hotson,jhotsonpc@businesswire.com,973-535-6727
914,Bernetta,Mellish,Dabbs,bdabbspd@youtube.com,462-761-8864
915,Bliss,Cribbott,Simoncello,bsimoncellope@sciencedirect.com,617-888-8661
916,Auberon,Winfield,Laven,alavenpf@cnet.com,959-816-9083
917,Hetty,Eouzan,Parks,hparkspg@angelfire.com,323-474-4599
918,Jabez,Jaksic,Mingotti,jmingottiph@spotify.com,230-674-6048
919,Clement,Balint,Toulson,ctoulsonpi@163.com,586-956-8476
920,Gregorius,Bater,Iacabucci,giacabuccipj@hud.gov,645-265-3074
921,Shay,Ginley,Fayter,sfayterpk@omniture.com,903-872-6888
922,Meir,Haselup,Lyness,mlynesspl@uiuc.edu,860-667-5359
923,Nancey,Osipenko,Ludvigsen,nludvigsenpm@spotify.com,803-114-6750
924,Darlene,Bartaloni,Whyman,dwhymanpn@springer.com,577-134-9891
925,Ernesta,Feldbrin,Kauffman,ekauffmanpo@google.com.hk,380-216-2974
926,Derk,Chuck,Ashelford,dashelfordpp@tinyurl.com,602-677-9212
927,Karilynn,Gaitung,Gotfrey,kgotfreypq@tinypic.com,885-405-4349
928,Orelle,Cathrae,Dance,odancepr@exblog.jp,935-269-8274
929,Ailey,Ryland,Tremellier,atremellierps@engadget.com,255-497-5639
930,Candie,Trusler,Mandal,cmandalpt@nhs.uk,358-244-9378
931,Kelby,Poge,MacNucator,kmacnucatorpu@bloomberg.com,526-461-6648
932,Corrianne,Norcott,Firsby,cfirsbypv@salon.com,791-196-5804
933,Albina,Bonsall,Bronot,abronotpw@sohu.com,947-571-7494
934,Kristoforo,Coghlan,Lowrie,klowriepx@shareasale.com,272-755-9082
935,Percival,MacFarlane,Skupinski,pskupinskipy@smh.com.au,391-764-7330
936,Sallyann,Buard,Calvey,scalveypz@kickstarter.com,843-511-9321
937,Faunie,Tromans,Elwell,felwellq0@topsy.com,563-202-1303
938,Esta,Matveichev,Tander,etanderq1@tinyurl.com,546-477-1662
939,Mar,Switzer,Basindale,mbasindaleq2@rambler.ru,642-700-3942
940,Levey,Brislane,Chaman,lchamanq3@discuz.net,816-226-8769
941,Bonny,Rigler,O'Dempsey,bodempseyq4@com.com,597-380-9451
942,Janie,Champneys,Carlick,jcarlickq5@liveinternet.ru,762-917-9769
943,Tobye,Noyes,Abden,tabdenq6@paypal.com,389-464-8817
944,Hughie,Bannister,Drewell,hdrewellq7@disqus.com,831-828-3316
945,Ashbey,Varvell,Vondra,avondraq8@meetup.com,598-540-5604
946,Legra,Miroy,Howton,lhowtonq9@nps.gov,616-239-8644
947,Nichols,Baylie,Osgar,nosgarqa@163.com,971-554-0705
948,Klement,Blakesley,Arnholtz,karnholtzqb@wisc.edu,569-742-5364
949,Brittaney,Frensch,Theis,btheisqc@youtube.com,728-587-8766
950,Rutledge,Blunsom,Winward,rwinwardqd@google.com.hk,702-219-2767
951,Garwood,Riepel,Anear,ganearqe@bloglovin.com,363-733-5112
952,Jaquith,Jermin,Paladino,jpaladinoqf@phoca.cz,523-124-2727
953,Shauna,Dearman,Bulfoy,sbulfoyqg@gnu.org,914-607-5533
954,Ahmad,Benoix,Mewett,amewettqh@elpais.com,732-337-2832
955,Geno,Robbie,Tiron,gtironqi@mozilla.com,880-552-7074
956,Ellery,McDougal,Raithby,eraithbyqj@liveinternet.ru,811-663-2962
957,Lethia,Brookshaw,Mordy,lmordyqk@exblog.jp,837-918-4392
958,Bernhard,Childers,Bere,bbereql@bigcartel.com,364-177-4981
959,Garner,Gisby,MacSkeagan,gmacskeaganqm@techcrunch.com,838-825-0206
960,Clo,Kettlewell,Kalderon,ckalderonqn@themeforest.net,650-380-7040
961,Ernestus,McCreedy,Jankowski,ejankowskiqo@chicagotribune.com,283-128-0629
962,Will,Jickles,Thow,wthowqp@telegraph.co.uk,326-206-5644
963,Mychal,Gokes,Storm,mstormqq@hostgator.com,113-972-7155
964,Tiffany,Hritzko,Luckcuck,tluckcuckqr@dailymotion.com,683-331-8905
965,Adore,Bracco,Burnside,aburnsideqs@vk.com,211-764-0389
966,Maybelle,MacGaughey,Rosenkranc,mrosenkrancqt@example.com,263-142-7321
967,Carlen,Quemby,Gissop,cgissopqu@w3.org,395-740-2110
968,Darnall,Gatward,Buddleigh,dbuddleighqv@rambler.ru,618-889-0812
969,Alexandr,Royce,Ligertwood,aligertwoodqw@nba.com,577-410-4530
970,Heriberto,Blackbourn,Jansson,hjanssonqx@google.nl,854-206-5802
971,Brunhilde,Shuttlewood,Gulley,bgulleyqy@uiuc.edu,746-996-2619
972,Janot,Ziems,Hanmer,jhanmerqz@newsvine.com,897-812-0555
973,Toby,O'Gavin,Ableson,tablesonr0@sun.com,637-191-7865
974,Sibbie,Maffia,Pogg,spoggr1@xrea.com,852-649-9859
975,Lalo,Barton,Yearsley,lyearsleyr2@oakley.com,456-326-2206
976,Elnar,Tipple,Timoney,etimoneyr3@hugedomains.com,810-597-6871
977,Nicolas,Pales,Fairbridge,nfairbridger4@hugedomains.com,704-147-9442
978,Mattheus,Albury,Fosken,mfoskenr5@dailymotion.com,643-720-8952
979,Bert,Heibl,Schimek,bschimekr6@virginia.edu,345-606-2952
980,Winona,Toleman,Amer,wamerr7@amazonaws.com,785-594-7960
981,Amara,Robinson,Vynall,avynallr8@virginia.edu,530-815-2772
982,Brennan,Sprey,Malinson,bmalinsonr9@ucoz.ru,673-297-1740
983,Alejoa,Manifold,Rewan,arewanra@microsoft.com,212-187-3836
984,Jonis,Hertwell,Clews,jclewsrb@mit.edu,440-860-6289
985,Hermine,Hune,Shimwall,hshimwallrc@eepurl.com,144-856-0988
986,Fernande,Saunier,Lant,flantrd@networkadvertising.org,895-609-7447
987,Doralia,Jaan,Walkley,dwalkleyre@behance.net,664-243-1537
988,Elana,Leaburn,Bibby,ebibbyrf@marketwatch.com,866-141-9219
989,Geri,Todarini,Devon,gdevonrg@go.com,721-479-3891
990,Lacee,Copes,Chidley,lchidleyrh@mozilla.com,789-839-7347
991,Larisa,Brayford,MacRory,lmacroryri@tripod.com,677-756-5044
992,Leupold,Mottram,Breward,lbrewardrj@wordpress.com,480-728-5467
993,Pandora,Moffet,Dowbekin,pdowbekinrk@oaic.gov.au,113-233-6439
994,Coop,Gilffillan,Roseman,crosemanrl@tamu.edu,530-820-0375
995,Jerrylee,Sessuns,Jell,jjellrm@cnbc.com,215-535-4477
996,Dominik,Hugnot,Penylton,dpenyltonrn@spiegel.de,846-174-9803
997,Angelika,Osgardby,Beebe,abeebero@google.ru,978-336-0334
998,Hewie,Pearch,Vasyuchov,hvasyuchovrp@jigsy.com,496-470-3912
999,Merrill,Steere,Galloway,mgallowayrq@mediafire.com,904-201-9531
1000,Octavia,Siggee,Guyon,oguyonrr@nyu.edu,819-913-0941
