codigo_empleado,codigo_local,nombre_empleado,ape_pat,ape_mat,dni,rvc,estado,cargo,direccion
1,9,Lenci,Tabbernor,Garbutt,6Y6K5C4E3U,Z4R2N5Y5Y8,false,Recruiting Manager,lgarbutt0@vimeo.com
2,15,Melita,Edgecombe,Arnaut,7C7R5L2S6L,H6C4L7I1T4,false,Operator,marnaut1@irs.gov
3,14,Belva,Pownall,Burdytt,6C0T9G4C8K,N9V2B1V8B4,true,Cost Accountant,bburdytt2@utexas.edu
4,8,York,Matousek,Arnell,9U9Z8R6H5L,V5M1T5U5A5,false,Statistician I,yarnell3@vk.com
5,13,Janeen,Cianni,Tesmond,0Q5O2A6H5T,E7U8D6S5C5,true,Clinical Specialist,jtesmond4@purevolume.com
6,6,Barbra,Wingar,Stannah,2X7D4P5D4O,W8H1F0V7I7,false,Account Executive,bstannah5@networkadvertising.org
7,14,Grayce,Snalham,Doelle,0N3M9B5A6M,A3E1U5G7L9,false,Sales Representative,gdoelle6@mayoclinic.com
8,2,Aubree,Gauson,Egdale,0A6X5B4V9Y,G8Y5J1R7X9,false,Senior Cost Accountant,aegdale7@hugedomains.com
9,1,Frans,Pydcock,Heffy,0A6P5B0Y8G,I8D7O3I9Y9,true,Research Nurse,fheffy8@marketwatch.com
10,3,Consolata,Rolley,Berr,8Y8H9R8M9X,D8V3S8T6J4,true,Executive Secretary,cberr9@eepurl.com
11,12,Bette-ann,Woodley,Lagneaux,6Z3A0P9L9Y,S4O4S0M1O2,true,Health Coach I,blagneauxa@youtu.be
12,13,Elliot,McCathy,Rackham,7I2O8D7U8W,C0G9F0T6M7,true,Social Worker,erackhamb@shinystat.com
13,5,Skippy,Filippov,Lathleiffure,6T3X5S6S3Z,R2T2W7R7U2,true,Marketing Manager,slathleiffurec@dailymotion.com
14,12,Bastian,Conner,Boler,7J0Q4H7O7A,K0X6W4U4B6,false,Assistant Media Planner,bbolerd@huffingtonpost.com
15,15,Bevin,Athow,Maso,4O9X5D8V9G,V9B9M2L1L3,true,Physical Therapy Assistant,bmasoe@oakley.com
16,13,Nikolaos,Cunniffe,Legen,6O7N6H3G1Z,L8W5Q0Y3P2,true,Internal Auditor,nlegenf@ovh.net
17,4,Donn,Grafom,Bumphrey,9A5A5U2T5I,S0I1K6P8V1,true,Geological Engineer,dbumphreyg@java.com
18,14,Winfield,Fakeley,Thorlby,4V4Z2X4H2S,X7Z5V5T1T5,true,Payment Adjustment Coordinator,wthorlbyh@bluehost.com
19,3,Curran,Maine,Milson,8V0U7K6J5Q,N6B7N8T5I7,false,Senior Editor,cmilsoni@soup.io
20,11,Cherianne,Massie,Spinola,4T6A0Q3K4P,P8R4U2C9J0,true,Administrative Officer,cspinolaj@sina.com.cn
21,7,Felipe,Stirgess,Londsdale,7O8A5V4T7V,J5Q0P2F2K5,true,Physical Therapy Assistant,flondsdalek@miitbeian.gov.cn
22,4,Cory,Yerill,Kwietek,0R0F5V3O9N,O7Y0T0R0W4,true,VP Product Management,ckwietekl@chron.com
23,7,Dalia,Ogelsby,McKim,0Q6B4D9C6R,M2U6F3I8B1,true,Paralegal,dmckimm@live.com
24,15,Onfroi,Devas,Clapperton,0N5Y4P1F2C,L0C2O5T7J1,false,Geologist I,oclappertonn@webnode.com
25,1,Meggy,Brewitt,Mundwell,2D1B0W2M6X,Z1Y3Y6V1T0,true,Community Outreach Specialist,mmundwello@tinyurl.com
26,3,Matilda,Guarnier,Shieldon,9C4E7C3G2D,S7L1W3O5K6,false,Marketing Assistant,mshieldonp@clickbank.net
27,7,Kerrin,Jeannot,Ferreri,7K3J3Y1F2I,U1T0D9V2U0,false,Tax Accountant,kferreriq@nba.com
28,11,Wilfred,Karim,McLleese,0D9B7O8E1I,R7L7H3U8M8,false,Paralegal,wmclleeser@wiley.com
29,4,Currey,Wilber,Pryce,1Y9Q6D1W7O,C7M1R7A1H6,false,Assistant Professor,cpryces@ow.ly
30,12,Crawford,Pirrie,Ochterlony,6A1K2G9O6Q,A7Y1B4R2J2,false,Graphic Designer,cochterlonyt@dagondesign.com
31,15,Goraud,Welham,Liggons,2U5H7H8D1R,L3O9G6W9C1,true,Operator,gliggonsu@howstuffworks.com
32,9,Natalina,Hallgath,Szapiro,5W8X5S7L8I,A5L6A2T6N7,true,Recruiter,nszapirov@sohu.com
33,8,Tamma,Battye,Perton,4M9P8W5S2X,G6O2O1B1L0,true,Assistant Professor,tpertonw@bizjournals.com
34,4,Hedy,Larkin,Wankling,8J8R7E3I7R,N3V7A5F5N2,false,Internal Auditor,hwanklingx@blogs.com
35,9,Basilio,Crocker,Downer,4Z5Z9T2O3P,R6L4B2R6T8,true,Nurse,bdownery@gizmodo.com
36,13,Velma,Widdison,Shemmans,6M7D0S4F9G,G8V8W8A0B1,false,Account Executive,vshemmansz@businesswire.com
37,11,Kira,Dell,Osipenko,8U4N9T8K9I,E7J7O3I0Z9,true,Accountant III,kosipenko10@github.io
38,7,Burr,Lowmass,Silvester,9G1O6L3R3L,Y3F4B9C8E3,false,Media Manager III,bsilvester11@indiatimes.com
39,7,Britni,Coxhell,Cruddace,0X1Q1X5O1D,U5M9A9C4P0,false,Web Designer I,bcruddace12@netscape.com
40,15,Corbie,Kubicka,Derrick,4W1W5I3Z1B,T9B8L5Z1V3,false,Human Resources Assistant I,cderrick13@businessinsider.com
41,10,Mariele,Sogg,Bouller,7T6J0G2S7P,M6G2S2K1K8,false,Accountant IV,mbouller14@sakura.ne.jp
42,3,Ana,Oslar,Snoad,8K8D5T4Z1W,O7U0I1A4T6,false,Senior Cost Accountant,asnoad15@artisteer.com
43,7,Sim,Denerley,Mauser,4K3G3R0G5X,Q6I4H0H5K9,true,Structural Engineer,smauser16@skype.com
44,11,Inglis,Eytel,Lau,9A8Y9A9T2C,H1H2D5Q6G1,true,Human Resources Manager,ilau17@blogs.com
45,12,Lelia,Longbone,Buckmaster,4F7Z7K8V1O,N9R3C3T4T7,false,Design Engineer,lbuckmaster18@canalblog.com
46,8,Judi,Tellesson,Allingham,4P5J7R5S1V,A1F2Q8S8I7,true,Media Manager III,jallingham19@shutterfly.com
47,1,Barnabas,Pruvost,Milius,1I8U1A3Q5K,K6L9Y8J5O6,false,Nurse,bmilius1a@multiply.com
48,8,Ado,Donhardt,McClifferty,6I8T1K5E8N,X8Q3C3W2L2,false,Developer I,amcclifferty1b@devhub.com
49,12,Wilden,Lanphere,Sellens,1G8S3P8H4Y,W1H4U1C0P2,true,Human Resources Manager,wsellens1c@umich.edu
50,5,Ceciley,Greenleaf,Setterington,7R5P7Z4B6R,L9K9E6P5W7,true,Cost Accountant,csetterington1d@craigslist.org
51,11,Thedric,Matskiv,Bengochea,3B7H4M6J5Y,P6G9J9Y0S7,false,GIS Technical Architect,tbengochea1e@shinystat.com
52,14,Adora,Janczak,Yelden,1S1Q3C9O7Y,F9C9K3N9F8,false,Operator,ayelden1f@chronoengine.com
53,10,Vite,Gurnett,Milward,6Z0I3R4Y2T,S5M6A8L2U4,false,Office Assistant III,vmilward1g@goodreads.com
54,2,Madlin,Britto,Croote,1H2R9Q7X7S,Q0K4V5P5R2,false,Editor,mcroote1h@domainmarket.com
55,1,Hillary,Le Claire,DelaField,1N9R2F9S5S,V9J7X8D8V7,false,Help Desk Operator,hdelafield1i@ameblo.jp
56,15,Marlena,Lawranson,Brightling,6Q1O2Z4F7A,X0O9S1F7S9,false,Accountant II,mbrightling1j@eepurl.com
57,6,Burlie,Woolley,Mainson,0N5W5H8A3S,P0P3Y7W1A6,false,Nuclear Power Engineer,bmainson1k@reddit.com
58,10,Brittni,Boome,McCook,7L2R4H0S3W,K7M4A0D7R2,true,Director of Sales,bmccook1l@weibo.com
59,11,Tallia,Barthelme,Hellewell,1C1G0I4R1S,S8Q3U0C7U7,false,Financial Advisor,thellewell1m@wordpress.org
60,15,Marla,Bautiste,Simonetti,8Q9C0W0F1F,X9C1U2L3Z5,false,Media Manager II,msimonetti1n@time.com
61,3,Vitia,Finker,Drioli,2U5O6H6R7Y,G7A3L9G0G4,true,Programmer Analyst III,vdrioli1o@wp.com
62,1,Billy,Uppett,Gergler,4D0L5W9L7C,L1B3A5T7N8,true,Budget/Accounting Analyst I,bgergler1p@gizmodo.com
63,4,Steffie,Fossey,Steffens,9G9N4H7I3R,Z5Z0C3P4X9,true,Web Developer IV,ssteffens1q@mtv.com
64,10,Aloise,Anstie,Dundin,4H2N8G6U6T,O9I6J5X3S9,true,Senior Quality Engineer,adundin1r@uiuc.edu
65,15,Joli,Doel,Spurdens,7H6H5T3T3P,B6B0X6T1X3,false,Business Systems Development Analyst,jspurdens1s@e-recht24.de
66,12,Rivalee,Lamanby,Rappaport,7W3Z9F3T0G,Q1R8F7I6C6,false,Physical Therapy Assistant,rrappaport1t@godaddy.com
67,9,Myrah,Isakov,Ocklin,1C8B4F1K1V,Y8E2V4N0H1,true,Actuary,mocklin1u@webmd.com
68,11,Bethina,Mayall,Wilcher,2N1G8Z4A1C,J4A9D1U1I1,true,Biostatistician III,bwilcher1v@hatena.ne.jp
69,1,Wiatt,Twaits,Letcher,7I0Z4I0F3V,W9J6I8I1G4,false,Civil Engineer,wletcher1w@prweb.com
70,9,Vi,Paike,Gunby,8P3R1D8B1R,X3P7K6Q4H7,true,Database Administrator I,vgunby1x@webmd.com
71,15,Bondon,Impett,Outram,5E8U7Z4K4X,K4T8T8F8O7,true,Sales Representative,boutram1y@tamu.edu
72,13,Ceciley,Paniman,O'Howbane,2F0G2M2U1R,N7M8K2I7Y3,true,VP Marketing,cohowbane1z@tmall.com
73,1,Vivianne,Pinkney,Dawney,4R8X7F6N2R,M4Q8R0Z0V7,false,Professor,vdawney20@mapquest.com
74,12,Corine,Quennell,Bilfoot,8X5F9R3G9X,A7M2N0O2A2,false,Web Developer IV,cbilfoot21@bloomberg.com
75,1,Tamqrah,Deeble,Josefs,8Y2I0E6F0T,V8X2Z6Q5S5,false,Assistant Professor,tjosefs22@indiatimes.com
76,11,Jennine,Paffitt,Shakspeare,3U7R3Z3J0S,O2W9U9S2F4,false,Research Assistant III,jshakspeare23@nifty.com
77,5,Berta,Wingeat,Coveny,5Z9Z3C5U0I,U1S3G7P7R0,true,Civil Engineer,bcoveny24@baidu.com
78,6,Avivah,Feasby,Hulke,5O9S2W1I0L,X3M2Z0F6F3,true,Statistician IV,ahulke25@com.com
79,9,Clarita,Kunc,Wackly,6J7P5Y4E8R,O2D1D0N3J2,true,Financial Analyst,cwackly26@nsw.gov.au
80,12,Darbee,Orringe,Sproule,6Z1S3D7H7P,L5S0W6Y1P4,false,Technical Writer,dsproule27@edublogs.org
81,5,Blondie,Dy,Karmel,1C8X8N3N3H,S4L6Y2H0T8,true,Financial Analyst,bkarmel28@istockphoto.com
82,15,Karna,Hansmann,Spreull,1F9F6Q6D2O,K0K9M0T7A7,true,General Manager,kspreull29@ft.com
83,2,Stacy,Vell,Skurm,3Y6T8I8H0E,G4G3U8I9I3,true,Operator,sskurm2a@squarespace.com
84,8,Torrance,Barnwall,Ross,9R3C1S2F0T,A8Q2Q9R5A5,false,Structural Engineer,tross2b@amazon.co.jp
85,9,Dore,Halfhide,Exer,4D7Z4V7C4R,L5A7W9M2Z8,true,Food Chemist,dexer2c@weather.com
86,14,Cherise,Titterington,Zukierman,7C9D5K1V2V,X2S3J4I4M6,false,Assistant Media Planner,czukierman2d@bloglovin.com
87,10,Guthrie,Prise,Manvelle,2I3P4E1K3Y,T8D3V6C6F4,false,Account Representative IV,gmanvelle2e@craigslist.org
88,9,Reginald,Flement,Spincke,9M7Z3T0G2A,X8V3E8V4W9,true,Senior Editor,rspincke2f@cpanel.net
89,6,Gil,Issac,Derobert,0V7U4X0D8E,O2U1G2K8N7,true,Web Developer IV,gderobert2g@walmart.com
90,1,Romola,Wybrew,Skellion,1V7U8F5I8F,C7J9J4K2T5,true,Human Resources Manager,rskellion2h@wordpress.org
91,13,Gardy,Connue,Geertje,3N0H5K1R7S,S2K2Y1P8N6,true,Graphic Designer,ggeertje2i@newyorker.com
92,11,Elaina,Glendinning,Florence,2B7C1W6Y3A,G0Q5L6U2Z4,false,Civil Engineer,eflorence2j@webmd.com
93,6,Clement,Molloy,Jindracek,7B4K8D8G3W,R4D2Q4P5R1,false,Administrative Assistant IV,cjindracek2k@blogger.com
94,5,Tiphany,Braisted,Eastcourt,0Y6A9C8I2R,X1Q5N0H0Q2,true,Professor,teastcourt2l@amazon.com
95,7,Margarethe,Hlavecek,Lattie,8W2I3Q8E8A,T4C9Y2U0B7,true,Research Associate,mlattie2m@desdev.cn
96,7,Orel,Rainbird,Brownett,3H1K5U7C4O,H4T3Q2Q4Q1,true,Data Coordiator,obrownett2n@google.com.br
97,6,Kenton,Barracks,Skures,1Y8T4P3I5E,T9R3Z4O7I2,true,Chemical Engineer,kskures2o@bloglines.com
98,8,Tedi,Podd,Pidgin,8J2Y4D0E3Z,P4C2W2V0D8,false,Registered Nurse,tpidgin2p@tuttocitta.it
99,14,Inger,Burroughes,Berge,1B8B2C0Q9P,Y3O6Z0E4O3,false,Recruiter,iberge2q@icio.us
100,11,Ravi,Wrack,Hordle,2M9W4K7M8H,A5J8K0F4O8,false,Geologist I,rhordle2r@cornell.edu
101,7,Berkly,Meach,Cotman,2D6I1N7T6Z,S9T4I6D0O1,false,Assistant Manager,bcotman2s@google.com
102,13,Kent,Lutman,Pomfrey,8N4S8J2D8H,T3F3L9O2P2,true,Research Assistant II,kpomfrey2t@storify.com
103,2,Abramo,Folbig,Belliss,3E4R8H6M6W,R6O8A3V9F3,true,Pharmacist,abelliss2u@columbia.edu
104,2,Auguste,Strooband,Corsan,9O5T5E9G8A,K9W3G7J6Y0,false,Paralegal,acorsan2v@blogtalkradio.com
105,15,Aindrea,Buessen,Poulsom,6Z1O4X1F1F,V2J0P7L1F7,false,Geologist IV,apoulsom2w@nationalgeographic.com
106,11,Frans,Pedley,Oiseau,6T8Z8P9T0Y,R2P1J0N2W0,false,Marketing Assistant,foiseau2x@japanpost.jp
107,12,Farley,Larder,Oakland,1U0W7I0I3D,J8O7Z1A0K0,true,Marketing Manager,foakland2y@cafepress.com
108,13,Lonny,Sculley,Markwell,8S7E2A2N8V,Y4V9M8R6H4,false,Recruiting Manager,lmarkwell2z@smh.com.au
109,4,Edward,Buntin,Ladon,5N9S7D5H4U,O9C6O6O6Z9,true,Human Resources Manager,eladon30@cloudflare.com
110,8,Darlene,Rosenstiel,Jimpson,6I6Y3P6N3G,S3N8D9D1Y4,true,Computer Systems Analyst IV,djimpson31@scientificamerican.com
111,1,Oralla,Critcher,Hayer,1U2B0A4E2R,G4R7Q4W9H3,true,Programmer Analyst IV,ohayer32@acquirethisname.com
112,8,Elvira,Looks,Bampkin,6Z4G6Q1G5G,H6P0Z4Q6J5,true,Civil Engineer,ebampkin33@blinklist.com
113,8,Ellen,Jepperson,Collopy,0E9B6D9C3H,N4A9D7U8V5,true,Junior Executive,ecollopy34@businessinsider.com
114,10,Alick,Learoyde,Collingham,3B2K5G6T7P,K3I2A4E7H7,true,Paralegal,acollingham35@drupal.org
115,11,Mort,Isoldi,Sinfield,4Z8U3P2L7T,H4F9D3O1G9,false,Programmer Analyst III,msinfield36@friendfeed.com
116,7,Paule,Pulbrook,Fauning,3Y7W9X5S5M,I7N4E2H4O7,false,Research Associate,pfauning37@jiathis.com
117,15,Antoinette,Tudbald,Scholfield,5P6T0L0A4D,H4I6Q2M3K3,false,Quality Control Specialist,ascholfield38@storify.com
118,5,Wang,Maykin,MacCostigan,6G1R3G5V4U,R0B2S3V4Y8,true,Associate Professor,wmaccostigan39@liveinternet.ru
119,15,Vanya,Benedicto,Mithun,3F2D8X4M1K,W7Q3E1L3S6,false,Accountant III,vmithun3a@google.com.au
120,6,Curcio,Rothchild,Gandey,4C5T5A3N9K,T8C8T4T9R1,false,Software Consultant,cgandey3b@mapy.cz
121,12,Shurlock,Roberson,McGrirl,0P6V8Z6C4V,A7V2R9V8Q5,false,Software Consultant,smcgrirl3c@cbc.ca
122,9,Isidore,Sebastian,Canelas,0Q8K1U8T3M,P4U5N6K3Z0,true,Junior Executive,icanelas3d@aol.com
123,2,Rivalee,Bezarra,Dobie,3R8I0Z8F7W,X3P0J0A3U3,false,Editor,rdobie3e@uiuc.edu
124,13,Briana,Trenoweth,Smooth,3F9Y6H8B5T,T2Y5D0Z7Z3,true,Information Systems Manager,bsmooth3f@a8.net
125,11,Greg,Franckton,Gebuhr,7L1R5Q8F4Z,U6I7R8D3O4,true,Financial Analyst,ggebuhr3g@w3.org
126,10,Catha,Biskup,Ruggles,8H1M9J6J3V,Q6K4U0L7B9,true,Financial Analyst,cruggles3h@technorati.com
127,13,Orlan,Vinten,Timmens,5C4L3A5P9C,L0V1V8V9C6,false,Analog Circuit Design manager,otimmens3i@facebook.com
128,15,Martainn,Anyon,Perrottet,9P1E1C2L8E,C9A1E2L1Y4,false,Administrative Officer,mperrottet3j@php.net
129,11,Don,Nazareth,Letteresse,8C1Q2Y9S7H,D4O1U0F7K2,true,Physical Therapy Assistant,dletteresse3k@home.pl
130,6,Karel,Veall,Andover,4M3K0P9P2V,S8Z6A4D8W7,false,Media Manager III,kandover3l@google.es
131,14,Curt,Carletto,Paramore,4N2W0I1Z9J,N0J9Z5V4G8,true,Human Resources Manager,cparamore3m@quantcast.com
132,1,Noah,Heatley,Jepps,2C5H5G2S7Q,R3H6R1Q7W7,true,Librarian,njepps3n@hugedomains.com
133,10,Lothaire,Linny,Overland,2F7Q1X8G2R,A8N4L4G4T4,false,Clinical Specialist,loverland3o@dyndns.org
134,10,Ibbie,Casaro,Basil,8B2G4L1F6J,P1H0Z7I2T7,true,Junior Executive,ibasil3p@latimes.com
135,6,Rodger,Penhearow,Byrcher,5G0U8F7Z1H,M2K5W4C2W8,true,Payment Adjustment Coordinator,rbyrcher3q@shop-pro.jp
136,1,Gus,Allso,Pattle,7Y0R8T5G8V,H4B5Y1I8Y1,false,Web Designer I,gpattle3r@businessweek.com
137,10,Benjie,Spataro,Maylour,4M6J5F2U4S,E1H8R1Z9L3,true,Paralegal,bmaylour3s@ucoz.com
138,13,Eddi,Grollmann,Prodrick,5O1V6J0Q7A,I6G1H2Q9X5,true,Internal Auditor,eprodrick3t@toplist.cz
139,4,Laurena,Spragge,Yushkin,8U6X8Y8L8D,R9S5I4G9Q5,false,Automation Specialist I,lyushkin3u@yolasite.com
140,9,Roley,Reolfo,Bermingham,1G6T4Y3O0E,K8M2B8T3G1,true,Environmental Tech,rbermingham3v@stanford.edu
141,5,Tommy,Dainton,Boggis,6T5X6B3H2M,V7V7F2Z6C9,true,Web Designer II,tboggis3w@blogspot.com
142,13,Luciana,Kirkam,Eallis,9V0N1R3X6H,C5H5K0Q3V5,true,Librarian,leallis3x@live.com
143,7,Rickard,Pashenkov,Rawnsley,0A1O6W8E3D,O6A5X9Y5M7,false,Legal Assistant,rrawnsley3y@altervista.org
144,3,Kiah,Zealy,Bonn,3B2O6I8B2C,N4B7Z4D8L0,true,Senior Financial Analyst,kbonn3z@plala.or.jp
145,7,Mada,Chesshyre,Tunnah,0A4E1Y0G1J,O6W2H4T9V2,true,Associate Professor,mtunnah40@biglobe.ne.jp
146,2,Gannie,Pepye,Keune,1W7J6Z8O7O,R9I7Y8M0F9,true,Assistant Media Planner,gkeune41@arizona.edu
147,4,Linc,Dulanty,Larman,3W9U9V3Y9F,T4L8V1H6I7,true,Librarian,llarman42@ed.gov
148,2,Teador,Spilsted,De Roberto,0H5D9Y1C9M,M3F3J3B8O2,true,Financial Advisor,tderoberto43@webmd.com
149,12,Abbie,Faltskog,Finlry,1X2G2G9I3Y,J4Z8F7O6B3,true,Cost Accountant,afinlry44@bloglovin.com
150,12,Bea,de Clerc,Meggison,4K8U7B1X5Q,V0J7K1L6Y7,false,Financial Analyst,bmeggison45@de.vu
151,5,Erv,Dakhno,O'Bradane,9U5M9A9B4G,A7F5I6S0Z5,false,Sales Representative,eobradane46@woothemes.com
152,13,Alla,Brody,Pepon,7P1J1E4K9C,D6W3C3U9Z6,false,Financial Analyst,apepon47@posterous.com
153,4,Alysia,Stock,Marjoribanks,2D8H7J2X2F,D1C0J3O0P7,true,Compensation Analyst,amarjoribanks48@sciencedaily.com
154,3,Emelyne,Wrintmore,Revance,4H2K6M1Y0J,U4O4A9K1W8,false,Research Associate,erevance49@irs.gov
155,6,Ephraim,Bartali,Simeone,5C4I1F8Y4M,U9C1V9L1R5,false,Project Manager,esimeone4a@paypal.com
156,1,Wallace,Mantram,Blanc,3Z0R0B8L8C,V9O9R5Z4W0,true,Graphic Designer,wblanc4b@patch.com
157,3,Minna,Ollcott,Doppler,1K2V0D5Y8E,H7J1L0E9W1,false,Actuary,mdoppler4c@wiley.com
158,6,Sully,Degoe,Palay,3E3I8S9E9D,Z5Q5R0C6Q9,true,Social Worker,spalay4d@opensource.org
159,3,Jaquelin,Huntley,Walkowski,6W1X0I9J1L,O2D0H1K1T3,false,Media Manager IV,jwalkowski4e@si.edu
160,10,Ginger,Kleinhandler,Berzen,0D1A3Y1Q8I,L1H3U4S9N6,false,Paralegal,gberzen4f@google.es
161,6,Ingeborg,Burston,Gruby,0A0Y8I1V6K,V3S1V7E0L2,true,Senior Editor,igruby4g@reuters.com
162,14,Jennilee,Guisby,Lagde,1S5U7X9I7B,U3L9V0H6B4,false,Editor,jlagde4h@psu.edu
163,2,Netty,Newns,Bonevant,1W7D2C4X8F,R5U8M2X6Q0,false,Mechanical Systems Engineer,nbonevant4i@surveymonkey.com
164,10,Domenic,Laxton,Sherel,3H1T8K7P7K,S0F6M5O9N1,false,Quality Control Specialist,dsherel4j@unblog.fr
165,1,Caroline,Seamon,Oakenfull,3I4J3Y1K7O,L8E2J2V2B4,false,Community Outreach Specialist,coakenfull4k@whitehouse.gov
166,14,Chloette,Imeson,Chaulk,3B0U7W1Q4L,L7Q8S3J0C2,false,Help Desk Technician,cchaulk4l@yahoo.co.jp
167,8,Gill,Gowen,Fountian,2X7O3I3R6F,J6Z8W4X0J4,false,Graphic Designer,gfountian4m@census.gov
168,14,Marlane,McDermid,Mecozzi,2N0E7H8B3I,V3H9S0X4I7,false,Senior Quality Engineer,mmecozzi4n@mac.com
169,15,Kat,Beall,Shergold,9Z5C4U6O6K,R4Q4B2Q6S0,true,Mechanical Systems Engineer,kshergold4o@etsy.com
170,2,Raymund,Butterfield,Drohane,8D6X3J3K6J,A0P9F7R6L5,true,Design Engineer,rdrohane4p@jiathis.com
171,2,Armstrong,Dunbar,Ruskin,1N4W3Z7V8Y,G0Q2H5W1X4,true,Business Systems Development Analyst,aruskin4q@mediafire.com
172,13,Griffin,Rives,Poyzer,7S5D1M7M6V,O3Z5Q1I8N8,false,Software Consultant,gpoyzer4r@flavors.me
173,10,Bentlee,Passie,Waye,9I6C9Q1F4D,H2U7K7P6K3,false,Analyst Programmer,bwaye4s@digg.com
174,10,Harwell,Maltster,McNeish,0U2W4R4J4Y,I0K6K4P9O4,true,Software Consultant,hmcneish4t@kickstarter.com
175,12,Iona,Hunter,Ife,1D8N6P3A7E,S6W3C9O8Z4,false,Chemical Engineer,iife4u@google.co.uk
176,1,Griffie,Denholm,Woodroff,7D6T2C9G8R,O2C2I4S2E2,false,Financial Advisor,gwoodroff4v@mediafire.com
177,1,Mignonne,Killford,Kembrey,4Y4M4M6Y2R,K8P4E3D2E7,false,Community Outreach Specialist,mkembrey4w@wordpress.org
178,12,Kelby,Zannutti,Bramo,6D4I6B3A5O,E1H7F6L7Z4,false,Nurse Practicioner,kbramo4x@chronoengine.com
179,13,Edy,Duggary,Hagergham,7M2C0K7F7J,Y6W7M9U2A3,true,Research Associate,ehagergham4y@studiopress.com
180,3,Kellsie,Splaven,Havis,5K6Q7M8Q1U,S5I1G3S4X9,false,Community Outreach Specialist,khavis4z@ca.gov
181,12,Torin,Bramall,Marzella,5U5F1R0M3I,C0G9Y1D4Y2,true,Information Systems Manager,tmarzella50@topsy.com
182,2,Peria,Gheeraert,Yeomans,7S1D5P7R0B,O8J7H4O1O3,true,Safety Technician II,pyeomans51@usatoday.com
183,4,Saunderson,Cook,Bonnick,5I3Q8Q7J3I,Y5S6J1N4Y6,false,Staff Accountant II,sbonnick52@ovh.net
184,8,Myrtle,Ropkes,Charman,7G1S1U8K4J,M8Y7O6X4P6,false,Safety Technician IV,mcharman53@slate.com
185,7,Krissie,Gasnell,Parris,7I5T0L7T7P,S0Z4F3U3W1,true,Environmental Specialist,kparris54@tiny.cc
186,5,Papageno,Penritt,De Mars,4O3D8W0M4G,J0S8Y9Z5J7,true,Librarian,pdemars55@reverbnation.com
187,14,Beatrisa,Stores,Shacklady,1N9M6H0C0P,J6Z8R1L4K6,false,Assistant Professor,bshacklady56@nhs.uk
188,2,Ed,Bisgrove,Chapiro,6K2P1W1D0S,G1A8K0Q8Z2,true,Nurse,echapiro57@scribd.com
189,1,Feliks,Hillitt,Petto,8I5L5Q0U2H,K4W9Y0A0Q3,true,Research Assistant IV,fpetto58@hibu.com
190,10,Nesta,Mayo,Piche,2G5N7W0Q7F,H7V0G4F7Y4,true,Chemical Engineer,npiche59@sourceforge.net
191,14,Donnell,Ellsbury,Puddephatt,2C9R8O1O4L,W2R5D4Y1I2,true,Dental Hygienist,dpuddephatt5a@deliciousdays.com
192,6,Ciel,Everingham,Laffin,7P3O5V7Q2A,N6T6Z1I0G7,true,Desktop Support Technician,claffin5b@wikispaces.com
193,1,Clarette,Haughey,Paragreen,7K3A9E8D7S,H6Q4F1Y8V6,false,Professor,cparagreen5c@cbslocal.com
194,6,Brook,Waterhous,Shearme,7Z3C3W5P5I,S8D0N3H5I9,true,Assistant Manager,bshearme5d@nbcnews.com
195,4,Candis,Hindhaugh,Delmage,6N5H5Z8D6L,G0Z9Z4C7I5,false,Editor,cdelmage5e@moonfruit.com
196,8,Danni,Suttle,Moncreiffe,2E9X1D7S1G,H8B8L8I3R9,false,Senior Quality Engineer,dmoncreiffe5f@instagram.com
197,4,Kincaid,Pyrke,Toolin,3P9S0M4A6H,Q4O1S2G6L2,false,Librarian,ktoolin5g@statcounter.com
198,3,Hilda,McConnulty,Prime,0O0F0H9F3F,W9X5L0O7K4,false,Office Assistant III,hprime5h@trellian.com
199,10,Nonna,Ambrosch,Vernau,8X7I2M2M6B,P8E7M0Y0N0,false,Tax Accountant,nvernau5i@google.it
200,12,Sanders,Margerison,Spray,6C6T6N8I7M,U3Q8G5C7O9,true,Paralegal,sspray5j@omniture.com
201,11,Nerte,Dominik,Byrom,4D8V6I4S4H,G5S6Z3K0D6,false,Data Coordiator,nbyrom5k@sina.com.cn
202,11,Amandie,Everly,Carragher,7P2K9E1X9T,K8E6C5C3M8,false,Business Systems Development Analyst,acarragher5l@tamu.edu
203,14,Kaela,Itzakson,Paolozzi,1L0U9Y2Q0H,Q9A0R9L3X2,false,Web Designer IV,kpaolozzi5m@unblog.fr
204,1,Carney,Baysting,Stading,1Q9S9X3V4B,X0L3S1Q8B8,false,Sales Associate,cstading5n@jugem.jp
205,9,Gretta,Fligg,Mitcham,5S1P5T7J0P,F7U5X4K2Q7,true,Director of Sales,gmitcham5o@dot.gov
206,2,Johnath,Braddock,Youtead,7N5N0N8B2F,O9L9V2D4W1,false,Speech Pathologist,jyoutead5p@si.edu
207,15,Heda,Kleinert,Spohrmann,4E5L4J2D4L,X5U6D1V0L1,false,GIS Technical Architect,hspohrmann5q@addthis.com
208,13,Eldredge,Millery,De Goey,3A2V1C4W0G,H6Z6D5D4Y4,true,Marketing Assistant,edegoey5r@washingtonpost.com
209,8,Kristofor,Raatz,Alesio,6P2F4B9H4P,M5Q3J6N2K7,false,Safety Technician III,kalesio5s@forbes.com
210,12,Garnette,McMichael,Mapplethorpe,8N8O3A6E6P,A5K6N6C5A1,false,Safety Technician I,gmapplethorpe5t@360.cn
211,5,Ludvig,Truluck,Spick,5C9U7R4R9U,K1C3C7X9A5,true,Senior Sales Associate,lspick5u@privacy.gov.au
212,4,Teddy,Yoseloff,Rechert,6B8S2U1V3Z,C3H2N0L9J1,true,Project Manager,trechert5v@msn.com
213,3,Donnie,Knowlton,Klimecki,9H5N8D0B2X,Y5P4O6F0V2,true,Internal Auditor,dklimecki5w@ucla.edu
214,5,Fernanda,Kilmister,Barbery,8I9J4K2K1G,L2T2G8D2I8,false,Engineer IV,fbarbery5x@booking.com
215,13,Othilia,Lantaff,Joppich,2C4N2H4P4J,A9T8O4X5C2,true,Product Engineer,ojoppich5y@washingtonpost.com
216,4,Elisabetta,Martinson,Hollibone,3S3S7P5H6H,L9T5P2U2C7,true,Developer IV,ehollibone5z@deviantart.com
217,2,Oralee,Breit,Bowbrick,7S3I6Y3E9U,H5F5D5F1D2,false,Account Representative III,obowbrick60@clickbank.net
218,8,Rainer,Dowry,Cripin,4R7W7C0A5V,M7K9W7U7S5,false,VP Marketing,rcripin61@themeforest.net
219,3,Dalia,Brannan,Unsworth,6H6S2M4C6E,J1G1J2W7C9,false,Budget/Accounting Analyst IV,dunsworth62@washington.edu
220,10,Barbee,Shawcross,Moohan,5R2M0L2W8N,X2V3G8K4K3,true,Analyst Programmer,bmoohan63@exblog.jp
221,8,Ivan,Roycraft,Kohtler,1D8M9V9U0F,G7E3B5W1N0,true,Marketing Assistant,ikohtler64@goo.ne.jp
222,4,Paton,Showalter,Vakhrushev,9X0F5X4V2H,Y1E0K0G7S9,false,VP Product Management,pvakhrushev65@fda.gov
223,13,Christopher,Bloxholm,Tupman,1S0J2T0J6K,G2Z2Y8T8M2,false,VP Marketing,ctupman66@tinypic.com
224,1,Nettie,Winstanley,Pitrelli,3Z0Y4J2O4S,O2V7P3J7H2,false,Staff Accountant II,npitrelli67@360.cn
225,4,Aeriel,Eastup,Cool,2J5Z3I4Q7F,H6G0Q1X2P6,false,Desktop Support Technician,acool68@webs.com
226,14,Melisa,Crossan,Kepp,9D7M5V2B0T,J2G6T7E5K4,true,Computer Systems Analyst IV,mkepp69@dell.com
227,6,Jefferson,Dayer,Cusack,6U2D0E4X8Q,Z9I2O2D9C0,false,Civil Engineer,jcusack6a@cocolog-nifty.com
228,14,Delmore,France,Cecil,1U8P8P5D2T,S7I9L3F8K7,false,Sales Associate,dcecil6b@themeforest.net
229,10,Cara,Sheber,Riggey,7F1M8C8E2F,Q7Z8M2X0I7,false,Office Assistant IV,criggey6c@nhs.uk
230,2,Garrick,Millard,Eilers,4Y1C1L5U6B,W8Q3B6P4E5,false,Geologist II,geilers6d@ning.com
231,2,Nadine,Feilden,Piscopiello,0T3D7I8O7W,H4Z6Y5T5A1,true,VP Accounting,npiscopiello6e@bigcartel.com
232,5,Davy,Vogeler,Brundell,7M8U0D9H3P,L2Y0Z0P3D6,false,VP Accounting,dbrundell6f@studiopress.com
233,10,Hurlee,Pauler,Amberger,8R7A7I3Q8V,M3Z2E0E6Q9,true,Administrative Officer,hamberger6g@t-online.de
234,10,Justinn,Archer,Rothchild,3J5S0Y3Q0Y,A8G7M5A2N8,false,Web Designer I,jrothchild6h@joomla.org
235,7,Devinne,Sleigh,Reardon,8A0X2E1C2F,A2K3E8I9E8,false,Staff Accountant IV,dreardon6i@java.com
236,7,Rosabella,Neylan,Combes,1R0X8B9K6P,J4V8C7I5J8,false,Geological Engineer,rcombes6j@naver.com
237,3,Bartholemy,Furminger,Balbeck,0H4Y3H6E9D,G1Q9O9O1E0,false,Data Coordiator,bbalbeck6k@cbsnews.com
238,9,Belva,Mounsey,Barhams,7A9K2G8X0Y,O8O3C6S1A5,false,Clinical Specialist,bbarhams6l@samsung.com
239,11,Lucie,Stafford,O'Sesnane,2J3X4Q6E8P,Q0A3Y9S9X3,false,Desktop Support Technician,losesnane6m@chicagotribune.com
240,7,Leshia,Dolder,Canto,6M4Y4I5K5S,K8B0F4G9F3,false,Product Engineer,lcanto6n@timesonline.co.uk
241,15,Perrine,Garber,Beards,6Q0T2T4O7V,B4I7W8L0D4,false,Food Chemist,pbeards6o@miitbeian.gov.cn
242,7,Tana,Gillino,Momery,9V5L1N1H6Z,U8T2F1D3R5,false,Desktop Support Technician,tmomery6p@netlog.com
243,13,Odille,Lipman,Casin,1Z5E0M5M3Q,N8E7N4V1S1,false,Nurse,ocasin6q@opensource.org
244,1,Sybila,Petow,Penhearow,3L1X5G2F8R,K4T3D5J8N4,false,Staff Accountant I,spenhearow6r@google.fr
245,15,Nancy,Shurmore,Waghorne,9N2C8N2R3D,S2Q7Q3X8G8,true,Office Assistant II,nwaghorne6s@mediafire.com
246,10,Reeba,Lorie,Shutle,9J1A6C4X0H,T6I6B9A5T8,false,Database Administrator I,rshutle6t@pagesperso-orange.fr
247,6,Marcel,Harmour,Clayal,8V9R6U0I2D,S5W6I7T2T5,false,Dental Hygienist,mclayal6u@buzzfeed.com
248,10,Putnem,Jamson,Lopez,9V4F7J4E1Y,S4X6W7P5L6,true,Environmental Specialist,plopez6v@yolasite.com
249,9,Pet,Haseman,Byers,4U7P9L1W3A,S5C1T4M9P9,true,Project Manager,pbyers6w@list-manage.com
250,3,Giralda,Ellyatt,Ganter,4R9X1U8W3C,G0F5H7S9D1,true,General Manager,gganter6x@bloglovin.com
251,15,Hervey,Pawsey,Hallford,9W8S8G7R3V,T8L9V4H6U8,false,Analog Circuit Design manager,hhallford6y@jimdo.com
252,12,Gwendolen,Myrick,Shearmur,2D1W1S0B5M,E9T1V5X8B5,true,Recruiter,gshearmur6z@howstuffworks.com
253,10,Duncan,Korfmann,Sima,2V6X1I9Y2C,D4J3M6P9L9,false,Marketing Assistant,dsima70@yahoo.co.jp
254,15,Daryl,Cartwright,Dubbin,3Z3M9W3X5J,U9H9C7E7K3,true,VP Quality Control,ddubbin71@cisco.com
255,5,Mahmoud,Sellack,Laurentino,5W7N4R0V8V,G2B4V0K1S8,false,Nurse,mlaurentino72@mapquest.com
256,7,Simon,Hinkes,Stourton,7Y6X5N4Q9D,P0J4O2W8Q5,false,Community Outreach Specialist,sstourton73@xing.com
257,13,Walton,Sevitt,Gwioneth,7C7V8R2E2Q,U2M8U0T3Q2,false,Design Engineer,wgwioneth74@china.com.cn
258,15,Normand,Linkin,Judkin,6G1I3L2Q9C,X0L2K7Z9R6,false,Quality Engineer,njudkin75@goodreads.com
259,7,Jethro,Garmanson,Petworth,6Y6X6H0C6J,B6J1E3L2K9,false,Operator,jpetworth76@omniture.com
260,8,Lonni,Varns,Kleinlerer,8S9G0C6C0V,Z2I8L5B4D7,true,Design Engineer,lkleinlerer77@ocn.ne.jp
261,11,Aarika,Skep,Isenor,6X0C2P1K9C,Y6D6G2H3T0,true,Design Engineer,aisenor78@narod.ru
262,9,Sabra,Whittleton,Salandino,4N7Z7K6Z6D,Q2P2M1B2Z7,false,Project Manager,ssalandino79@ycombinator.com
263,8,Kaleena,Heamus,Mosedill,9R2I1O4Q9Z,K3E6R8D9F1,true,Data Coordiator,kmosedill7a@flickr.com
264,11,Nani,Jahns,Hordle,4W5D5M5K6Y,F0N0D8X6N1,false,Payment Adjustment Coordinator,nhordle7b@imdb.com
265,2,Willy,Rowthorn,Lanney,6N1U0R9W3M,C5Q0E1B7S4,false,Speech Pathologist,wlanney7c@prweb.com
266,11,Paule,Marchment,Dudding,6R6M8V4J7E,Q7C6M4O9S1,false,Clinical Specialist,pdudding7d@washington.edu
267,6,August,Clapshaw,Chace,9K9R9N1M1U,S1L8E7D3U7,false,Senior Developer,achace7e@google.ru
268,2,Gilberte,Stell,Learoid,2A5Q1L7V8T,F4E7S1Y6O4,true,Assistant Professor,glearoid7f@bloomberg.com
269,4,Devina,Thornthwaite,Coat,8K5M0M3P3S,B9V5I9F8V6,true,Mechanical Systems Engineer,dcoat7g@examiner.com
270,13,Jimmie,Cianni,Pescott,7J1B3S3C2B,Y8H0F6U8B1,false,Senior Developer,jpescott7h@amazon.co.uk
271,6,Anselma,Watson,Sowrah,3U1O4S1J4W,D7V0T5X2W1,false,Nurse,asowrah7i@howstuffworks.com
272,6,Karl,Ebsworth,Bithany,4P0C9A7S6V,F2L3P3B1V2,false,Junior Executive,kbithany7j@webnode.com
273,15,Troy,Brodnecke,Grimoldby,8E3Q6I6S3Z,L7T4F2K6Z5,true,VP Accounting,tgrimoldby7k@yelp.com
274,12,Lilith,Sahnow,Scade,2M8F0K5Q7J,J4H9U6L4B2,false,Junior Executive,lscade7l@apple.com
275,1,Lockwood,Cushworth,Kettle,5Y0W0K5X4N,K1A6F7Z4H6,true,Research Nurse,lkettle7m@tinypic.com
276,9,Moll,Meers,Mullin,6L4O1W7S7A,H2A9V1T9M6,false,VP Quality Control,mmullin7n@feedburner.com
277,8,Jacquelynn,Rantoul,Lunnon,8E5W3X3V9G,Y5M4D7S2G3,true,Assistant Professor,jlunnon7o@google.com.au
278,14,Shirlee,Bastow,Lipson,7N1V9L7S4O,K3V8D4E7O3,true,Tax Accountant,slipson7p@infoseek.co.jp
279,1,Caleb,Kelshaw,Burgin,3M0G5C1I3Y,X7H9Z9L4M8,false,Mechanical Systems Engineer,cburgin7q@ca.gov
280,13,Westley,Cheek,Skippen,3X3M4R8J8E,J9B6V5Z7P5,false,Director of Sales,wskippen7r@auda.org.au
281,4,Linnea,Bartholat,Engelbrecht,0F8N1W7B2D,V3X8U7Q3B6,true,Environmental Tech,lengelbrecht7s@gravatar.com
282,2,Zacharie,Bramwell,Brunon,1M4X4Z7C0X,C9J0X9J2P0,true,Assistant Manager,zbrunon7t@blinklist.com
283,15,Ryann,Burkill,Staniland,0J6Z3Q6Q9H,N4P3R6X1W5,false,Account Coordinator,rstaniland7u@joomla.org
284,8,Rowland,Skegg,Grayston,3O8S3F5X9M,T8C7K1C4U6,false,Food Chemist,rgrayston7v@bandcamp.com
285,14,Kellsie,Duffill,McCafferky,8K5D8X4O3M,X2N9Q5D0X5,true,Payment Adjustment Coordinator,kmccafferky7w@ustream.tv
286,11,Hector,Kadd,Holdron,0J8X6C0L4P,K4Z4E1V3V3,false,Safety Technician II,hholdron7x@networksolutions.com
287,10,Rosalie,Yakebovich,Demkowicz,7F6W5L3B8V,N0M1K2F4H5,false,Account Representative II,rdemkowicz7y@wunderground.com
288,8,Nerissa,Renac,Cosson,6H1S9U6D7I,I4F0W3J9T2,true,Accountant IV,ncosson7z@bandcamp.com
289,13,Baldwin,Willars,Abden,2R6S5P8O5V,O1E6Z7N3G1,true,VP Product Management,babden80@ihg.com
290,8,Tim,Dalling,Harston,9Q9S4E5J7U,A6P0I4P0P8,true,Administrative Officer,tharston81@typepad.com
291,14,Zahara,Lorkins,Sylvaine,1K7U8A9C4F,J8B7Y8Z3S7,true,Office Assistant III,zsylvaine82@cnet.com
292,9,Alyce,Genever,Schutt,9Q1F1P9V7M,C3Z7C6C9A2,true,Food Chemist,aschutt83@bluehost.com
293,12,Deeanne,Govier,Ovett,5H0S7J3T3L,F9V2V4P3P8,false,Director of Sales,dovett84@scientificamerican.com
294,2,Merwin,Kubik,Cogger,9F9R7X8E5D,F0S7V1W7K7,false,Geological Engineer,mcogger85@ow.ly
295,12,Pamela,Norres,Sillitoe,2V9O0U2F6Q,S7Q8X3L7Q1,true,Human Resources Assistant I,psillitoe86@prnewswire.com
296,6,Sanders,McArdell,Stanley,4K5Q6P2J1Y,F0O6V2Y7C4,false,Structural Engineer,sstanley87@devhub.com
297,12,Leora,Dutnall,Curgenven,9T7F4G3L3K,W9L3B6E6T0,false,Programmer Analyst III,lcurgenven88@utexas.edu
298,5,Christean,Cecil,Keeney,4A7L7A4Q4T,P1N2S5N4X0,true,Database Administrator IV,ckeeney89@va.gov
299,12,Darn,Kirkhouse,Jewis,7Q2A2Y8B7V,U0V4Z0B1U6,true,Web Developer II,djewis8a@eventbrite.com
300,12,Augusto,Mackney,Hurley,9N8L3A4B1Y,K2Z0Y3J6C8,true,Recruiter,ahurley8b@sakura.ne.jp
301,11,Lydon,Withnall,Doerling,7G3M0W9C0N,Q2B2R2U1T0,true,Marketing Assistant,ldoerling8c@usda.gov
302,11,Martino,Linger,Leindecker,5R1O2G1X2I,I0T4I8D6E2,true,Nurse Practicioner,mleindecker8d@disqus.com
303,13,Leigh,Flanaghan,Oxenham,3K3G0O9Y4F,R1N2F9N3H4,false,Civil Engineer,loxenham8e@cdc.gov
304,4,Cherianne,Crouch,Eringey,2N7Q7D7G7M,J3J8T5A2M7,true,Environmental Specialist,ceringey8f@discovery.com
305,13,Penny,Volonte,Cust,4W4K2R3A3N,W6I6F9B0W7,true,Internal Auditor,pcust8g@com.com
306,8,Nealy,Valeri,Le Noir,5A2A2I1F1I,P1D4T4U9M9,true,Financial Advisor,nlenoir8h@dmoz.org
307,15,Frazier,Wendover,Glas,1W7Q8M3B4Y,A1U9W8B6Q3,false,Librarian,fglas8i@t-online.de
308,9,Alethea,Gadaud,Monte,4E7I4B2B7Q,P6F1D8I4W6,true,Account Executive,amonte8j@arstechnica.com
309,14,Fannie,Spring,Gilders,7F8P2F2V3U,E0H8J0Y7K5,false,Tax Accountant,fgilders8k@accuweather.com
310,10,Frederico,Corrison,Spinney,4O6A8C5S7E,J3H1W5Z8D8,false,Associate Professor,fspinney8l@berkeley.edu
311,5,Maxwell,Slaughter,Cuckson,3M9H9A2M0C,G1J0F8G3C4,false,GIS Technical Architect,mcuckson8m@addtoany.com
312,5,Allegra,Bullin,Haskins,3R4M5D4P9X,U4R5T0A2P7,true,Programmer III,ahaskins8n@smh.com.au
313,7,Damaris,Tulloch,Shiliton,1F6O7P6T5H,M2A4R9N9C2,false,Clinical Specialist,dshiliton8o@earthlink.net
314,15,Sharleen,Kos,Durno,3Z7Q4F6Y5O,S9D9N8V8O5,true,Registered Nurse,sdurno8p@accuweather.com
315,1,Humfrid,O'Hallihane,Ovanesian,2V7C4X1C4R,A2B2T2E2X3,false,Senior Editor,hovanesian8q@is.gd
316,4,Lilian,Spoole,Arlt,8C1V5T9N1M,E1I6A4P7D4,true,Executive Secretary,larlt8r@gravatar.com
317,8,Celestyn,Bortolozzi,Coveny,0N8T1J7C5E,E0A1K3K9X6,false,Legal Assistant,ccoveny8s@goodreads.com
318,7,Hercules,Baly,Ungerechts,5Y9B9B7J5D,S6P9Y9E4X7,true,Mechanical Systems Engineer,hungerechts8t@51.la
319,1,Eb,Callan,Brucker,8B2T9Q3F5Z,R9M6O8S2I1,false,Engineer IV,ebrucker8u@plala.or.jp
320,12,Bibi,Wagg,Saull,4X9T9T6E9E,I3I5L5Z3I1,true,Clinical Specialist,bsaull8v@nps.gov
321,13,Halsy,Bratty,Scardifeild,2V0K1W3I0S,Y0G6J3M5O5,true,Junior Executive,hscardifeild8w@cdbaby.com
322,1,Pegeen,Jarley,McLarty,7F1H5I2N6O,J5D5O1C2J3,true,Senior Financial Analyst,pmclarty8x@sbwire.com
323,2,Berti,Milch,Brunning,6M5E4Y0L0D,L4V1H7R6J1,false,Community Outreach Specialist,bbrunning8y@spiegel.de
324,1,Si,Goodricke,Levecque,5T7Y0V5D9J,Y9O1J9F7X3,true,Sales Representative,slevecque8z@biglobe.ne.jp
325,10,Egan,Beeho,Bestman,3U4H0X2T7N,L2A6O7R8Q5,true,Developer I,ebestman90@goo.ne.jp
326,9,Leon,Di Biagio,Braybrookes,0X5P1L3R8M,Y2H3M0F3N6,true,Chemical Engineer,lbraybrookes91@yolasite.com
327,9,Rochell,Yanez,Matts,1M0Z3J5C9Z,X3H4F0U0D4,false,VP Quality Control,rmatts92@constantcontact.com
328,6,Emilio,Croster,Cudde,0M1O0H1P2U,T2J5I7Q1O9,false,Chief Design Engineer,ecudde93@tinypic.com
329,2,Ruby,Sacco,Royle,7E0S4U5V2N,O7H7O6C2G2,false,Budget/Accounting Analyst I,rroyle94@goodreads.com
330,2,Almire,Krebs,Verlinden,6U6K4X9Z5T,L1M7H6U3V3,true,Accounting Assistant I,averlinden95@usatoday.com
331,4,Ealasaid,Jeves,Hurley,7V4Q5C4S3I,N5Q4K2I5N6,false,Desktop Support Technician,ehurley96@w3.org
332,5,Tate,Turneaux,Skally,6W6M9K0V4U,W2L6L0J3B7,false,Cost Accountant,tskally97@imdb.com
333,9,Jehu,Stairmand,Christoforou,0P6Y2Z9B6B,W0H6R7W3L3,true,Web Designer I,jchristoforou98@icq.com
334,10,Nikolia,Bianco,Rowes,9X5V0P3P4S,Z3Y5R9I4K0,true,GIS Technical Architect,nrowes99@ucla.edu
335,4,Hedy,Urch,Chart,7S6Q3I5L9K,N9Q6R4E2M3,false,Professor,hchart9a@blogspot.com
336,6,Broddy,Penticoot,Howling,6O7O0K1W7M,P0P0K5D4L1,true,Sales Representative,bhowling9b@fda.gov
337,11,Ronda,Girkins,Frushard,3T6G9U1C8C,T0G2B3E0O8,false,Budget/Accounting Analyst I,rfrushard9c@narod.ru
338,4,Myrna,Petrovykh,Newborn,6P2X7B5R9S,O5S8M2E0F5,true,Librarian,mnewborn9d@miitbeian.gov.cn
339,14,Quinn,Chiddy,Speak,4S5I2K0M8S,U5J9H7G6V5,true,Graphic Designer,qspeak9e@kickstarter.com
340,14,Jeffrey,Haverty,Preist,5Y0P5L1U9X,A5Y9D4G9G1,true,Geologist I,jpreist9f@tamu.edu
341,13,Libbey,Poat,Pindar,7R6Z5Z1C7B,Z8Z8T1D1N3,false,Food Chemist,lpindar9g@spotify.com
342,13,Alejandro,Kmicicki,Barszczewski,6R6O1F0K9V,M9U2U7R9I1,true,Design Engineer,abarszczewski9h@theglobeandmail.com
343,5,Gun,Hudghton,Powe,4V0V8U6Q5F,A2X8S6B5M5,false,Professor,gpowe9i@bigcartel.com
344,3,Marmaduke,Lytton,O'Spillane,5S0F0R7J9L,G5S2K2P4N6,false,Sales Representative,mospillane9j@pinterest.com
345,4,Dorena,Bollin,Skittle,2J0H3E9W6B,S6R4A1Y7K9,false,Social Worker,dskittle9k@imgur.com
346,2,Corrianne,Gracey,Proud,8R7H0U2C8H,F0Q0J2V5G5,true,Office Assistant II,cproud9l@guardian.co.uk
347,11,Luca,Ciciura,Fisbey,8R2Z3F2K4I,U9E6S3A1S1,false,Tax Accountant,lfisbey9m@dailymotion.com
348,12,Carlo,Shieber,Witherington,0G1Z4O4X1J,S2F4S2F5L3,false,Librarian,cwitherington9n@skype.com
349,7,Rube,Winch,Dewdney,7X3Q1Y0B4X,H4V2B2P8E9,true,Environmental Specialist,rdewdney9o@cisco.com
350,2,Des,Service,Khosa,0G2P6L9G5B,B1J0O2K0J1,false,GIS Technical Architect,dkhosa9p@yellowpages.com
351,15,Ileane,Hugues,Luetkemeyer,2M2I8Y0F0U,V0N5G9A8L7,false,Civil Engineer,iluetkemeyer9q@wikia.com
352,11,Onofredo,Borrott,Guilford,2K8A7Q0I9L,G4D2T9Y3K3,true,Senior Developer,oguilford9r@quantcast.com
353,14,Edgar,Ennor,Bagg,2J3F2Y7M1G,V7O0U6Y3F2,true,VP Accounting,ebagg9s@typepad.com
354,7,Roxanne,Barrett,Huttley,7M0I2N1M9Y,U7G1D2S6H2,false,Information Systems Manager,rhuttley9t@opensource.org
355,12,Bay,Dyhouse,Pawling,6C0V0O1B4J,I3O6T7Z7J2,true,Human Resources Manager,bpawling9u@alibaba.com
356,8,Rikki,De Mattei,Clemmensen,9J3F9U6E2Q,X7T1O5O1V8,true,Mechanical Systems Engineer,rclemmensen9v@amazon.co.jp
357,1,Mandie,Tinkler,Dalston,0J3L3H5E3X,X8O9S8N0O6,true,Nurse,mdalston9w@hugedomains.com
358,3,Daloris,Garley,Beattie,0L5D1K0Z8I,I2M5F6U8L7,true,Research Associate,dbeattie9x@shop-pro.jp
359,7,Guss,Santora,Woolmer,1G7B6E1C7C,M9I7N1A2Y2,true,Editor,gwoolmer9y@prlog.org
360,11,Alanah,Solman,Palfery,3I1J0B4P0J,D2Q3R0A8R8,false,Structural Engineer,apalfery9z@hibu.com
361,13,Babita,Botting,Eliassen,1D1Z3L9X3X,W3Q9H8J7X3,false,Staff Scientist,beliassena0@surveymonkey.com
362,12,Ansell,Patington,Duhig,4R2L1K7A3E,E7B0K5A4Q0,false,Senior Quality Engineer,aduhiga1@alexa.com
363,6,Donalt,Attew,Le Estut,1M9B6B0A2I,T2I2K6G0Y2,true,Design Engineer,dleestuta2@blogger.com
364,8,Clemens,Deevey,Megany,9P2U9K0F3I,S3Q8G3X1I3,false,Data Coordiator,cmeganya3@google.ca
365,11,Veronika,Stubbins,Jordon,1K9Y5T3F1I,H1H3Q0G7W9,false,Technical Writer,vjordona4@technorati.com
366,10,Alfi,Gillmore,Clemow,5J3C7L6R4Y,R6Z6F3H6Z5,false,Analog Circuit Design manager,aclemowa5@youtu.be
367,14,Tabor,Bagster,McElhargy,9G2Y5Z6G7K,G2I3Y5F3E5,true,Database Administrator I,tmcelhargya6@opera.com
368,13,Gustav,Dowglass,Dawbery,3P8V7J2U6S,A8O0S7N0D1,true,Accountant I,gdawberya7@biblegateway.com
369,15,Barnaby,Crissil,Tanzer,4Y0X0T7V2T,U7H1O9S0G2,true,Administrative Assistant II,btanzera8@ustream.tv
370,6,Laird,Gautrey,Devennie,4I1W2P6S3Q,W5I6B8P1T1,true,Software Engineer I,ldevenniea9@google.com
371,8,Patrice,Bridgewater,Edelman,4N2E7R9P0W,L3O7R6X0K5,false,Research Assistant II,pedelmanaa@springer.com
372,5,Karoline,Sellen,Masterton,2T4S3U7E4R,X2Q4Y0N9K7,true,Associate Professor,kmastertonab@bing.com
373,6,Orazio,Janodet,Poles,2C0R4F7L3T,U0H1N7H8M9,false,Assistant Professor,opolesac@loc.gov
374,12,Kipper,Dalyell,Eaglen,3L6U4R1D1W,W5S8E7B9U9,true,Nurse Practicioner,keaglenad@howstuffworks.com
375,7,Reynolds,Frantz,Shaw,4F9P6M0F5F,X9F8G1D8X9,true,Structural Analysis Engineer,rshawae@goo.ne.jp
376,4,Nanice,Lowdham,Bosenworth,4P5G8G0Q2D,R1J2P1N6N4,true,Accountant II,nbosenworthaf@deliciousdays.com
377,13,Cozmo,MacNeilley,Klausen,2O3K8Q6O7N,D1T1I3J4O8,true,Programmer IV,cklausenag@ox.ac.uk
378,11,Mendy,Pranger,Gatcliff,5W0E9I1P2L,F5H4M0P9Z1,true,Help Desk Technician,mgatcliffah@liveinternet.ru
379,6,Lizette,Kerne,Matteuzzi,1I7E2O6H0Q,M0B4P0K9W0,false,Teacher,lmatteuzziai@archive.org
380,3,Jori,Britian,Poppleston,4I6F1T5Z3R,G2J7A5C1F6,false,Food Chemist,jpopplestonaj@google.co.jp
381,6,Mercedes,Robathon,Surgeoner,7S5P2L6T1Q,G1Z1K7B8E9,true,Civil Engineer,msurgeonerak@xinhuanet.com
382,4,Janel,Owbridge,Fawlo,3X0D9W0J3F,Z8B1S4Q2O9,true,Actuary,jfawloal@home.pl
383,14,Elita,Crockett,Meneely,4J8J5W7G7W,F7Q3W6C0F6,false,Nurse Practicioner,emeneelyam@hc360.com
384,12,Winifield,Helbeck,Tribbeck,6W0Z0K2S8P,J4W0W9E9M0,true,Assistant Professor,wtribbeckan@cam.ac.uk
385,12,Jenifer,Seagar,Renvoys,4G3A4I6D7G,Z2P7I7R0Y0,true,Accounting Assistant III,jrenvoysao@oaic.gov.au
386,14,Lars,Scola,Dreng,4C3E9F5Z2F,Y2R5T6R9V8,false,Speech Pathologist,ldrengap@netscape.com
387,14,Kali,Chiese,Sidney,6L1Q2P6B8S,X6G9X7T3Y4,true,Mechanical Systems Engineer,ksidneyaq@skyrock.com
388,13,Hollie,Worthing,Springle,2J3W2K4P6G,K8F8P0C5V1,true,GIS Technical Architect,hspringlear@geocities.com
389,12,Josselyn,Robertucci,Arson,6C2B7E1I9X,K5X0R5M2K4,false,Community Outreach Specialist,jarsonas@europa.eu
390,6,Sheffy,Mort,Kas,9Q5I8F6M8D,W3N2T2T3Q3,true,Budget/Accounting Analyst III,skasat@homestead.com
391,14,Claudie,De la Zenne,Gaisford,1W4Q6V0X8W,Z0L8Q8V2D9,true,Research Assistant I,cgaisfordau@sourceforge.net
392,6,Bernadine,Joynt,Richardsson,9D1C0E5X3O,K3X0L8O4E6,true,Financial Advisor,brichardssonav@dell.com
393,15,Leon,Sagar,Micah,0B4Y0E6H2Q,Z6O1G0T5U8,true,Office Assistant II,lmicahaw@nydailynews.com
394,6,Jocelyne,Riba,Mattock,0F9R1A0U9E,P3P0K4A3A8,false,Database Administrator II,jmattockax@nyu.edu
395,8,Silva,O'Shiel,Roscrigg,9R2E1V0A1O,H0B1O9R4F8,true,Structural Analysis Engineer,sroscriggay@weebly.com
396,9,Nadia,Drabble,McKerron,3Z6C4D2B3D,B6N4O6R8F4,true,Teacher,nmckerronaz@gizmodo.com
397,14,Eduard,Reah,Scrogges,2Q0H4E9Q1W,S7H7G4J1E3,true,Developer I,escroggesb0@buzzfeed.com
398,1,Cirillo,Pruvost,Nana,1X0M0N5O8P,L0B4I4K0B8,true,Design Engineer,cnanab1@wordpress.org
399,6,Peter,Greenard,Rekes,6E8Z2P7D3D,U8M5N5D3Z8,true,Analyst Programmer,prekesb2@reverbnation.com
400,4,Addison,Biggen,Reggio,2D2Y4G2X8V,D0W0A3K3R0,false,Actuary,areggiob3@uol.com.br
401,6,Mariana,Varnals,Hultberg,2H4J2C0H4R,Q4V8H3P9Y4,false,Software Engineer I,mhultbergb4@imdb.com
402,11,Ilse,Radmore,Veque,9W3U0N4J5M,M3S8Z5S1Y7,true,Senior Developer,ivequeb5@cafepress.com
403,14,Jacqueline,Cawsby,Stanway,9B9D5Z9X7Q,Q4Y9Z0C5D6,true,Software Engineer I,jstanwayb6@imgur.com
404,5,Mirilla,Mottley,Daleman,8B2R5J4E4X,C2Z9M8Y4S8,false,Senior Quality Engineer,mdalemanb7@imdb.com
405,10,Goldina,Kidsley,Darrigone,1A2N8J5Q0C,Z3S6V5Y0X5,true,Electrical Engineer,gdarrigoneb8@ftc.gov
406,10,Wynn,Berfoot,Swindon,0J7V6D2T9F,W3J6X2L5H2,false,Account Coordinator,wswindonb9@nih.gov
407,2,Gloria,Comellini,Bernat,7Y5W5S2J5K,B3O0L0F4P8,false,Administrative Officer,gbernatba@miibeian.gov.cn
408,14,Cassie,Dering,Daid,3X7M5X1T4Q,A0S8L1L6B4,true,Physical Therapy Assistant,cdaidbb@themeforest.net
409,3,Ellyn,Brumen,Abbati,6N3N7N6O9H,H6J5H8K8F9,true,Help Desk Operator,eabbatibc@nyu.edu
410,1,Godfrey,Trafford,Craddy,7L4Q8X6S2Q,V1D5Z0D5X4,true,Help Desk Technician,gcraddybd@tmall.com
411,10,Alana,Dobey,Ketch,1A7U4T4H7U,A9G6B5C1E9,true,Internal Auditor,aketchbe@pcworld.com
412,13,Vikki,Paddock,Gruszecki,9R5F5P1G8Y,D4O5B1L0C6,false,Quality Control Specialist,vgruszeckibf@cnet.com
413,3,Aleece,Jaffrey,Zima,8X6H7Y7M3A,V6X6C4G9L5,false,Software Consultant,azimabg@sohu.com
414,4,Fraze,Riccardini,Whate,8X0O5G9D7R,L9W3F6U5G0,false,Recruiting Manager,fwhatebh@prnewswire.com
415,9,Lorettalorna,Cornels,Alyonov,7N4C9C7R9Q,I9J5R0U0T5,true,Financial Advisor,lalyonovbi@surveymonkey.com
416,9,Brynne,Tatteshall,Geaveny,8L7T2H0M7D,A0I2M3D0W6,true,Payment Adjustment Coordinator,bgeavenybj@usgs.gov
417,13,Gladys,Hedingham,Viollet,6X0G5I4A9E,J2P0W6C6F7,false,Structural Engineer,gviolletbk@shareasale.com
418,12,Joelly,Chimes,Dorber,1A1Q3X1V8U,L0D8N0I4X2,true,Executive Secretary,jdorberbl@webmd.com
419,6,Lucky,Parradine,Varian,4Z4U6G8R6K,Z8C9C0O9T1,true,Sales Representative,lvarianbm@hc360.com
420,12,Fernando,Dewane,Minto,7A2J8Z1M4D,A9Y0K1Q5A8,false,Actuary,fmintobn@sakura.ne.jp
421,8,Davidde,Twitching,Reddings,3U6H5K5U4B,G9U1A2Y3I1,true,Programmer II,dreddingsbo@theguardian.com
422,4,Emilia,Brisse,Yakolev,3E1M0D5P3R,R8Q8B0Z6W8,true,Environmental Specialist,eyakolevbp@adobe.com
423,7,Leanna,MacAnulty,Adamides,0L1R2Q9M6P,Y8Z5O4Q4W7,true,Product Engineer,ladamidesbq@bloomberg.com
424,1,Lilah,Malacrida,Perroni,8C0Y4W6G0Q,R3D7Q5I9X1,false,Senior Developer,lperronibr@odnoklassniki.ru
425,1,Cosimo,Spondley,Michelmore,5B5P1T2T7Z,E9T0J3K4U2,false,Account Coordinator,cmichelmorebs@printfriendly.com
426,3,Randie,Vaneschi,Surphliss,7C1U8A7D6Y,G6P5J9J5N1,true,Director of Sales,rsurphlissbt@hhs.gov
427,3,Falito,Pfleger,Devitt,3E6E6Q0V4T,V0T0N1K1V9,true,Web Developer II,fdevittbu@gmpg.org
428,15,Lesli,Cheeseman,Hulett,9V7S6C9N8Z,H9V6J2C8Y6,false,General Manager,lhulettbv@vkontakte.ru
429,11,Bax,Hackey,Lanfer,9K2H4C9M1O,M0H3X0L9O2,false,Civil Engineer,blanferbw@posterous.com
430,8,Renell,Dicte,Burriss,4S6K3H8F7H,Z3X1V6C6N2,true,Marketing Manager,rburrissbx@dropbox.com
431,6,Garey,Mulqueen,Mabbs,5X4I9F9F2L,T7T6V9L2L1,false,Engineer IV,gmabbsby@sbwire.com
432,7,Bev,Rowthorne,Ledwith,6O0Q3N1J2L,X3K3Y5S4K5,true,Data Coordiator,bledwithbz@deviantart.com
433,3,Eldredge,Fierman,Spalton,9X1N6R0S1F,W9C2R3X0N7,true,Structural Analysis Engineer,espaltonc0@ucoz.com
434,14,Emilia,Pietruszka,Weins,0N3B8I2J3Y,A2W5E2N0K6,true,Nurse Practicioner,eweinsc1@qq.com
435,3,Janina,de Amaya,Sargant,3Y6J7R5G7K,F7L3Z8S5Q9,true,Compensation Analyst,jsargantc2@yahoo.co.jp
436,1,Dione,Atherton,Dugget,1C4Q6S6D5J,T2X0D4O2A0,false,Actuary,dduggetc3@yale.edu
437,14,Doria,Germann,Westhoff,9Q0T2U6N9M,F3Q3J6D4S1,false,Executive Secretary,dwesthoffc4@usgs.gov
438,7,Fransisco,Vale,Bowskill,1B2E9A9V1X,S7S4I3F0J5,false,Quality Engineer,fbowskillc5@ocn.ne.jp
439,5,Patric,Swaffield,Gallardo,0D0R0C2T6P,V7Z3D0V3V3,false,Junior Executive,pgallardoc6@ca.gov
440,13,Dal,Giacomini,Gilford,3B1O8K8O5W,T2Y7G1F7F3,true,VP Accounting,dgilfordc7@youtu.be
441,6,Jessa,Tabary,Sidey,4D1F4M4S3S,O7S0Q7Z3D0,true,VP Product Management,jsideyc8@nba.com
442,9,Ingar,Garrattley,Powelee,6J1D1K3W2J,Z3R3T5S3I4,false,Assistant Manager,ipoweleec9@slate.com
443,7,Stella,Wones,Vasnev,4M4F4I7O8C,M3F3I4Z1F4,false,Geologist III,svasnevca@tinypic.com
444,12,Elvera,Lillicrop,Simonini,4X8C3H7D8I,Q5O9Q1D1T6,false,Senior Cost Accountant,esimoninicb@npr.org
445,3,Jervis,Narducci,Lauridsen,5S1Z6T2B0F,P4W4D2O9X0,false,Safety Technician IV,jlauridsencc@123-reg.co.uk
446,8,Paulie,Mays,Guiet,4P1I0O8W6J,N7Z3R1G8R8,false,Data Coordiator,pguietcd@house.gov
447,10,Patrizio,Renihan,Henzer,1J0S2I2W5P,A0W9K1Y1B1,false,Senior Financial Analyst,phenzerce@mozilla.com
448,1,Rosabella,Brickstock,Keeling,0E5H7S5N7J,A1M9Z1U6K5,false,Legal Assistant,rkeelingcf@google.cn
449,12,Saba,De'Vere - Hunt,Hustler,6Z0W5Q8I1U,K1R2J2S3I9,true,Senior Quality Engineer,shustlercg@lycos.com
450,10,Kathryn,Vasyunichev,Byllam,3G4Y5F9X2P,L7Q7C6U1X9,true,Human Resources Manager,kbyllamch@state.tx.us
451,12,Chen,Di Batista,Cropper,6A5Z2Z4I5B,M9W9X2I3Z9,false,Cost Accountant,ccropperci@stanford.edu
452,1,Normie,Maciocia,Ivankin,0D1R4E8X4Z,E7B5T0Q2C6,true,Programmer Analyst II,nivankincj@netvibes.com
453,4,Gilbertina,Cleef,Tethcote,8Q8I3Q3D8H,R1H4L4V1T9,false,Assistant Media Planner,gtethcoteck@clickbank.net
454,6,Lettie,Hexam,Fairbrother,7P9O9K7S4L,M9U5I2I7Q1,false,Product Engineer,lfairbrothercl@accuweather.com
455,13,Maurise,Wollrauch,Rosentholer,3C4U1R4B3W,T6M2O1M9G1,true,Senior Quality Engineer,mrosentholercm@canalblog.com
456,7,Elnora,Baggaley,Menico,3I9S1P8X9J,L1Y7E5W0W0,false,Help Desk Operator,emenicocn@slideshare.net
457,4,Padgett,Mumford,Cammish,9D7K3N2H4O,T6J4I5H1A2,true,Accounting Assistant III,pcammishco@cdc.gov
458,8,Rubia,Brauner,Greyes,1J0R2G8N5Y,W0T6I3K0B0,false,Financial Advisor,rgreyescp@blinklist.com
459,2,Petronella,Anderson,Wadly,7H8R9T5G3P,P6J7B4M1T6,true,Computer Systems Analyst IV,pwadlycq@prnewswire.com
460,9,Jasper,Pinck,Glancey,9E7Z6G1S6G,Y2K4E8R9X8,true,Executive Secretary,jglanceycr@jalbum.net
461,14,Barbette,Herreros,Howgill,9Y5N9W9Z0I,V5D7N5Y1N8,false,Mechanical Systems Engineer,bhowgillcs@ox.ac.uk
462,13,Tonye,Scamal,Keysel,3Z7N6H8R4O,A5I2J7F1K2,true,Account Coordinator,tkeyselct@istockphoto.com
463,11,Haywood,Ansett,Fantini,5W0N8O2K7W,O9P2B5H6C2,true,Environmental Specialist,hfantinicu@utexas.edu
464,7,Elizabeth,Jimmes,Stivens,7L8X3I8U5P,T0H4Z6V4S2,false,Software Engineer III,estivenscv@imageshack.us
465,15,Pip,Waker,Kirk,8R3W7P4U5E,T1H8U2L2Y0,false,Business Systems Development Analyst,pkirkcw@ucoz.com
466,5,Marven,Colborn,Rhelton,4N1A8U2O7P,Y9J4R2K7G3,true,Data Coordiator,mrheltoncx@shutterfly.com
467,4,Cathy,Redmile,Walkingshaw,9T4T7R7I7O,O6S0S2Q6E6,false,Administrative Officer,cwalkingshawcy@bbc.co.uk
468,7,Joellyn,Truscott,McIlreavy,5J6A9O2V5H,M0R2W7Q6U9,true,Project Manager,jmcilreavycz@sciencedaily.com
469,1,Alexandro,Derrick,Wabb,9Z1F3L3X1R,U1Z2Q2M8B6,false,Project Manager,awabbd0@amazon.co.jp
470,10,Thorpe,Busfield,Clerk,9G1B3V5G4M,D9R0F2B3V5,true,Data Coordiator,tclerkd1@taobao.com
471,3,Doria,Hills,Bisson,5V5D1X8K5R,T5Z9W3D8V1,false,Food Chemist,dbissond2@walmart.com
472,13,Darci,Baughan,Zanassi,2V2P2U3G5E,N2Y8O5Y3M7,true,Analog Circuit Design manager,dzanassid3@whitehouse.gov
473,13,Lenore,Clymer,Feldbau,5O5E8L1C7E,A2U1X1F2V8,true,Senior Developer,lfeldbaud4@tiny.cc
474,5,Eustacia,Bellfield,Dows,0D8H7O4K8I,W1Y9J1M6X2,false,Research Nurse,edowsd5@fc2.com
475,13,Celina,Doppler,Schreurs,6M8C8H3U3S,O2T3Z9O7S5,false,Analyst Programmer,cschreursd6@amazon.co.uk
476,8,Bridget,Rait,Mascall,1W2D2Q5A2Y,B6T4C0J7F5,false,Director of Sales,bmascalld7@ucla.edu
477,2,Bertrando,O'Dunniom,Pyle,8S7Z7O4B3A,K7A9I2E3E4,false,GIS Technical Architect,bpyled8@nps.gov
478,9,Della,Titchen,Loreit,9Z0F0Z9L3F,H5N4B6J8V7,true,Data Coordiator,dloreitd9@seattletimes.com
479,13,Laetitia,Blint,Golbourn,4G4L8F7V3I,G4R0F6F5S8,true,General Manager,lgolbournda@theatlantic.com
480,3,Minny,Vernazza,Bridgwood,7M0E6Z3G6Z,U3J6X0R7W5,true,Biostatistician I,mbridgwooddb@jiathis.com
481,4,Shelley,Richard,Lebond,6F5M8E5U5A,A7M4S9K6T3,false,Graphic Designer,slebonddc@goo.ne.jp
482,14,Tuck,Rupel,Summersett,9Q9T8R2H3J,G4M1E8B7P2,true,Programmer IV,tsummersettdd@furl.net
483,1,Jody,Harkess,Kidner,2T4I8G3X6P,A4J0L1T5R2,false,Help Desk Technician,jkidnerde@sakura.ne.jp
484,9,Ellyn,Gotch,Gladdor,5E6E5A6L1T,D7W2F0R0H6,true,Teacher,egladdordf@blogtalkradio.com
485,8,Blair,Bunney,Purdom,3W3Z2J7E3B,L0U5H7Y0B8,false,Computer Systems Analyst II,bpurdomdg@multiply.com
486,3,Dudley,Jervis,Muirhead,1Z5V5O7V8V,V6F2N3B3Y0,true,Design Engineer,dmuirheaddh@baidu.com
487,12,Torrance,Fleckney,Jain,1J7C3X8T7A,B2A7C6M0L7,false,Automation Specialist III,tjaindi@tmall.com
488,7,Michal,Dowsing,Lomasny,4K9M8D7J5W,O4B0O2V2Y6,true,Help Desk Operator,mlomasnydj@youku.com
489,10,Merrel,Peppard,Vella,4F1X9U6C7E,W5B8Z2N6E1,false,Senior Quality Engineer,mvelladk@merriam-webster.com
490,4,Franny,Marcombe,Oldland,0T0N3C4T1C,U7R5I8P1P0,true,Product Engineer,foldlanddl@marketwatch.com
491,8,Jdavie,Chittleburgh,Gillian,5L7Y2H8T2A,W5X1J9R4S0,true,Web Developer IV,jgilliandm@dailymotion.com
492,5,Shaughn,Norledge,Vaggs,1E9T9N4W8F,D4S4O7G2O0,true,Human Resources Assistant II,svaggsdn@gov.uk
493,3,Guthry,Bottini,Roome,1S7Q8V5M6X,J2Y7C1D0F5,true,Dental Hygienist,groomedo@dot.gov
494,5,Rance,Knottley,Ielden,2E9F4W8H4X,O0E8M5K8M0,false,Chief Design Engineer,rieldendp@sbwire.com
495,12,Alida,Ouver,Cagan,6T0H6S5R9R,B3R2W0H0I6,false,Business Systems Development Analyst,acagandq@biglobe.ne.jp
496,8,Constantine,Allward,Prescot,6X0X5B8L5V,Z9E4B6N2H0,true,Speech Pathologist,cprescotdr@yellowpages.com
497,14,Brunhilde,Adelsberg,Huckerby,5G9S3H1A6O,M3A0K1G9B0,false,VP Accounting,bhuckerbyds@nature.com
498,10,Fayre,Booker,Uttridge,9F5V0W1H1E,G4V7V6E3H1,true,Automation Specialist II,futtridgedt@etsy.com
499,3,Jill,Bustin,Filippyev,5P6P2J2V9O,P9J5Q4B4E6,true,Software Engineer IV,jfilippyevdu@ycombinator.com
500,2,Dolley,Dent,Lawfull,0J1A9O9P2Y,I0E8H3J9S4,true,Librarian,dlawfulldv@archive.org
501,9,Naomi,Poyner,Georgiev,1M0W5L8V5N,G7D4K2U0K3,false,Programmer II,ngeorgievdw@blogspot.com
502,12,Buddie,Dottridge,Tregunna,1H5N7V7M5M,A4J5E9F0L9,false,Geologist IV,btregunnadx@blogger.com
503,11,Kelsy,Ivanuschka,Sicily,5T4H2Q6A5V,I0G3S8W7L3,false,Graphic Designer,ksicilydy@google.com
504,8,Winnah,Quarton,Aizikovitch,8Y7U5G1L6M,Z8Y5S8P6Y1,true,Pharmacist,waizikovitchdz@ebay.com
505,13,Avril,Bulpitt,Donkersley,9X7D0N5J7N,P3Z8F6G8S4,true,Community Outreach Specialist,adonkersleye0@pagesperso-orange.fr
506,2,Tilly,McDill,Sidaway,8R4A6G5E4Q,Q1S4C7P3V4,true,Chief Design Engineer,tsidawaye1@census.gov
507,5,Alanson,Duley,Briscoe,8A3G4F5M8A,A5R2F6N7A4,true,Operator,abriscoee2@bluehost.com
508,5,Lonnie,Mallindine,Haley,5A9S0T1Y9O,Q9N0R6U6M8,true,Accounting Assistant IV,lhaleye3@youtube.com
509,5,Jourdain,Creese,Cotter,2U1N2S9R8W,C5F0E2T3J3,false,Mechanical Systems Engineer,jcottere4@github.io
510,5,Berty,Posselt,Neads,5O5Q0B8T6E,E6Q9X5T0Q2,true,Help Desk Technician,bneadse5@youtube.com
511,9,Aggi,Dallinder,Sellner,7H0Q6E8U0T,J5C0F7P4V3,true,Programmer Analyst IV,asellnere6@loc.gov
512,10,Siegfried,Scones,Roos,3Z1D9E6V4G,A5H8F0P2G0,false,Design Engineer,sroose7@1688.com
513,14,Bobina,Wilkins,Peperell,0N5W7C7Y1I,N4W4N5D0G7,true,Compensation Analyst,bpeperelle8@nytimes.com
514,15,Gerrie,Kennaway,Lowbridge,3W8M5G1E9Y,O3J1Y9P9R6,false,Human Resources Manager,glowbridgee9@artisteer.com
515,11,Genevieve,Cheers,Kahen,0L0N8B8U0U,Y0G3H9G8P8,false,Sales Associate,gkahenea@bloglines.com
516,8,Yasmeen,McNee,Foxen,6C7G1R5O7Y,C2D6Q2X1L1,true,Financial Analyst,yfoxeneb@gravatar.com
517,12,Harri,Dearden,Nutty,5O8R5Z3H0A,E3A7J7R6R8,false,Technical Writer,hnuttyec@dailymotion.com
518,10,Mitchell,Birth,Luetkemeyers,8S1J3F2P5Q,T6O2M6D6W0,true,Desktop Support Technician,mluetkemeyersed@blogger.com
519,10,Fonzie,Shalliker,Showt,1O1S9X2D4M,O5N7L3Z9L0,false,Physical Therapy Assistant,fshowtee@xing.com
520,7,Maryl,Farmloe,Fluin,7N0R8T2P4G,I7I4Q2O5A9,true,Recruiting Manager,mfluinef@so-net.ne.jp
521,1,Arlina,Birley,Chorley,7J5R4F7J1I,T6G9Y5A9M8,false,Occupational Therapist,achorleyeg@addtoany.com
522,10,Clementia,Connar,McGlone,6P3P2V2H6I,K4V6T0D7Z9,true,Internal Auditor,cmcgloneeh@ustream.tv
523,8,Marlene,Simmings,Leteurtre,4Y4J7W0X3M,E9Z9L0I2M7,true,Dental Hygienist,mleteurtreei@yelp.com
524,8,Luther,Skipworth,Alexsandrovich,9I8Y5J9I1F,J8K3G3K9G5,false,Web Designer II,lalexsandrovichej@bing.com
525,11,Hermy,McCullen,McCrory,0P6W1C5S4A,V6Q7T6R3E9,false,Data Coordiator,hmccroryek@hostgator.com
526,9,Milo,Furmenger,Treneer,0Z3E6Z7D6P,I2L9O6Z0Q4,true,Human Resources Assistant III,mtreneerel@photobucket.com
527,14,Ruthi,Jostan,Pumphreys,6X4Z1G9D8J,Z8F5A6O1N9,true,Research Assistant I,rpumphreysem@chron.com
528,4,Orren,Rosendale,Duggary,4J6S2I6R9P,I9N9M5U4A7,false,Account Coordinator,oduggaryen@harvard.edu
529,4,Wright,Davidwitz,Parlott,3V9W2C0E7Z,U3S2B5M1I4,true,Actuary,wparlotteo@edublogs.org
530,1,Nicol,Rockcliff,Leechman,8F9A5I8J0R,A6Z5J2H9I3,true,Structural Engineer,nleechmanep@yandex.ru
531,13,Gardiner,Barensky,Oxenford,3W9P1A2P0P,J0Q8R7Y5S6,false,Librarian,goxenfordeq@fastcompany.com
532,14,Berne,Koppeck,Haily,3I6M6Z8E9F,E6T9I7S1M8,true,Recruiter,bhailyer@clickbank.net
533,11,Viviyan,O' Hogan,Hercock,1R6R7D4O7Z,A6M6T7E0G1,false,Account Representative III,vhercockes@addtoany.com
534,8,Antoni,Ellaway,Fleg,9K2F1S0H4U,W0R8C9C6M4,true,Human Resources Manager,afleget@un.org
535,12,Maridel,Guiden,Hinks,7Z1F7G6P0L,H3L2Q4I6H6,true,Food Chemist,mhinkseu@godaddy.com
536,15,Toinette,Theakston,Dummett,2O2R8T9I8P,D5C6J7Q7T5,true,Project Manager,tdummettev@tmall.com
537,1,Del,Greenmon,Bryan,3X5E2U6W4K,F1K0V2J8A2,true,Occupational Therapist,dbryanew@ucsd.edu
538,6,Egor,Brash,Sute,4T0L3Z2P8B,B2G0Q5A9Q5,true,Analyst Programmer,esuteex@seesaa.net
539,7,Neddie,Lintin,Valerius,1P3D1T9V3G,O2Z8F4J9Z5,false,Assistant Media Planner,nvaleriusey@craigslist.org
540,1,Gratia,Zarfat,Gabby,2F8P1P3N5Z,K9C0W4C5N3,false,Compensation Analyst,ggabbyez@histats.com
541,1,Bell,Tabourier,Lakenden,1G3C0D4Z4Q,G0X8K1V5R4,true,Executive Secretary,blakendenf0@java.com
542,12,Eldin,Burth,Seath,2O0P3E4M0W,W5D8H5U2R7,false,Software Test Engineer II,eseathf1@ftc.gov
543,5,Jobina,Verrillo,Reilingen,8J6M1J7D2I,E4C0X7U7O5,true,Chemical Engineer,jreilingenf2@soundcloud.com
544,4,Shurlock,Skirrow,Chadwell,2D3C8G2F1Q,H7H8F0A3S3,true,Web Designer I,schadwellf3@hubpages.com
545,10,Darcee,Healey,Busk,6V6R5O7G4W,H3M5I8I7R2,false,Programmer II,dbuskf4@fc2.com
546,13,Wini,Stark,Budleigh,0S9E3I3V0G,Q4U4B6Y0Y1,false,Executive Secretary,wbudleighf5@chronoengine.com
547,1,Ebonee,Strick,Bispham,7F6C8H4J6M,L1Z5O7Q3B7,false,Nurse,ebisphamf6@imgur.com
548,10,Cyrille,Tocqueville,Whyffen,9B9M4E7L0D,Q9P7P9M3I6,false,Recruiter,cwhyffenf7@si.edu
549,13,Stanly,Francillo,Pettet,8B4L2W8T5B,Z5Z4D0T9X4,false,Social Worker,spettetf8@seattletimes.com
550,2,Hilly,Burnsides,Championnet,8T0Z1H3A1D,X1F7T7J3Q9,true,Developer I,hchampionnetf9@stumbleupon.com
551,8,Jaye,Luchelli,Gheeorghie,8F8X1T5O7J,Z1R5A5Y8W7,false,Assistant Manager,jgheeorghiefa@ning.com
552,13,Freedman,Jurkiewicz,Westwell,9E9S3V5O6L,K4E6Z3C7P3,true,Help Desk Technician,fwestwellfb@boston.com
553,3,Risa,Paulin,Bettis,3I9D8A0M3K,X3T6J0X3Q9,false,Structural Engineer,rbettisfc@goo.ne.jp
554,4,Michell,McGebenay,Shepherdson,2B5J8G2O2Z,K5K3K8F4Q1,true,Budget/Accounting Analyst III,mshepherdsonfd@tumblr.com
555,13,Amble,Sarjent,Fogt,7I3S5L9P5F,A4C8Z4J4O9,true,Office Assistant I,afogtfe@cnn.com
556,11,Delcina,Leaney,Bate,8G2S4X4T7J,E6Q8C8U3M2,true,Speech Pathologist,dbateff@altervista.org
557,10,Germaine,Treske,Burgan,6L5O2U6B5T,P3M5B7H3K6,false,Assistant Professor,gburganfg@desdev.cn
558,3,Gladi,Wales,Goskar,7F8E8E4N6I,G4R1Z1I9R3,false,Occupational Therapist,ggoskarfh@dion.ne.jp
559,2,Damara,Thying,Miall,2M6H8G2A7A,S5E6J5X8L3,false,Speech Pathologist,dmiallfi@cpanel.net
560,12,Garry,Fairfoull,Gillibrand,1T7T4X4U8X,X5B6W5C0Y4,true,Clinical Specialist,ggillibrandfj@chicagotribune.com
561,8,Reinwald,Eburah,Tschierse,0T7F8F7B0M,P7A1D8N3X6,true,Accountant I,rtschiersefk@jigsy.com
562,15,Sharona,Couttes,Flamank,0R8I9V3X4F,W2B7F2I4A9,false,Help Desk Technician,sflamankfl@apache.org
563,2,Aurel,Cossom,Gatlin,9R3Y6G4E8V,H8S3J7D3C9,false,Accounting Assistant IV,agatlinfm@facebook.com
564,7,Zerk,Harcarse,Letixier,5E7C4X5C9E,E4L2B7G9W2,false,Food Chemist,zletixierfn@nature.com
565,9,Maxim,Mountcastle,Scatchar,0P4Q2W9B4F,H6Q7Z8X6N3,false,Civil Engineer,mscatcharfo@nps.gov
566,1,Raoul,Pamphilon,Garlinge,5K6Y3K2S5M,B7S7O5M7F9,true,Chief Design Engineer,rgarlingefp@bing.com
567,7,Margit,Morville,Knight,7W0U3H9D3J,R7D8X9G4M7,true,Operator,mknightfq@cbc.ca
568,1,Delilah,Pow,Skidmore,3H9X6V5Z0P,H0M7X4O7H1,false,Help Desk Operator,dskidmorefr@themeforest.net
569,9,Rianon,Armell,Dobkin,9J2X5Y8V7L,W7H4E5N9Q3,true,Financial Advisor,rdobkinfs@icq.com
570,8,Riccardo,Gandy,Myhill,0F0Y3A6R3K,U1A9F8Q5P6,true,Administrative Officer,rmyhillft@smh.com.au
571,1,Killy,Hallbord,Leethem,3V4X2A6P7A,C7Q0G3F8V5,true,Human Resources Manager,kleethemfu@craigslist.org
572,8,Carlynne,Akram,Pigrome,6A7W1E9O0I,V3X0M2U8J7,true,Cost Accountant,cpigromefv@cbslocal.com
573,1,Rogers,Avrasin,Sorbey,7C8R3P9F6T,B0J8J3J5Z1,false,Programmer II,rsorbeyfw@wired.com
574,13,Ronda,Whotton,Pidwell,6C7B9B0U2X,B9L0L3D2P2,true,Electrical Engineer,rpidwellfx@statcounter.com
575,12,Georgina,Conibeer,Le Breton,1T4K3S1W5K,H7J4R9I3A7,false,Accounting Assistant I,glebretonfy@twitter.com
576,8,Sarina,Sandon,Iddenden,8K4X3L5A4F,Y2I3R0V6I3,false,Pharmacist,siddendenfz@sun.com
577,14,Loy,Vignal,Farrer,3X9F6G4K7H,Q3V4C9Q2B9,true,Software Test Engineer III,lfarrerg0@biglobe.ne.jp
578,14,Evangelin,Jellett,Denzey,1A9R4G6Q2N,D8F2H7Z1M2,false,Paralegal,edenzeyg1@cdbaby.com
579,10,Dickie,Plante,Jayes,4P3W9J7J0B,G9J8W2I4T7,false,Environmental Specialist,djayesg2@meetup.com
580,9,Sanford,Cutler,Sigert,7E8Q7Y3F3J,S7J3R0O2K4,false,Clinical Specialist,ssigertg3@yandex.ru
581,8,Amelia,Casacchia,Bereford,7I7I6N9R7S,F1J2L8Q0F7,false,Environmental Tech,aberefordg4@amazonaws.com
582,9,Ashien,Pavolini,Doyley,2L6K5Y9E7M,B7M2A3I5N2,true,Marketing Manager,adoyleyg5@bloglovin.com
583,11,Gianina,Finlay,Meuse,6C7V1A8U2E,E6H0W4Q6A5,true,Sales Representative,gmeuseg6@state.gov
584,12,Ileane,Sugg,Caslane,5U1Y9Y5C7I,R8E5V9V6O7,false,Computer Systems Analyst I,icaslaneg7@google.com.br
585,10,Alexi,Beevens,Sousa,7V3S3P9V1S,Z5J1C0G6H6,false,Senior Cost Accountant,asousag8@baidu.com
586,10,Berkeley,Hardcastle,Robathon,6I5S6H8B6V,N3W8H3T0U7,true,Marketing Assistant,brobathong9@plala.or.jp
587,15,Brigham,Stolz,Wheatman,4J7I6K2I6G,E4A0N2L0Z6,false,Developer IV,bwheatmanga@google.de
588,15,Delcine,Mumbey,Mussared,8X1L7R0K2D,K8C3F0X1I8,false,Research Nurse,dmussaredgb@biglobe.ne.jp
589,5,Dulcie,Erwin,Clemes,9O3T8I7A8K,S0I9A1I3P8,true,Teacher,dclemesgc@sourceforge.net
590,2,Bertha,Sam,Leiden,6R7W3M8N6M,G5Q7W9H2E2,false,Research Associate,bleidengd@odnoklassniki.ru
591,10,Sileas,Enderby,Pellant,4B1W1R7C1X,D2U6Y1M9A6,false,Analyst Programmer,spellantge@aboutads.info
592,3,Vittorio,Hurle,Flacknoe,2I7N3A2N1M,M2B7M7N0P0,true,Help Desk Operator,vflacknoegf@nymag.com
593,6,Meyer,Boagey,Ybarra,9U5G3O1Z6Z,I7T1H9Z0G1,true,Dental Hygienist,mybarragg@e-recht24.de
594,6,Fanny,Blackater,Gerbel,7X0X3G9H0I,S6A3Q3N1V8,true,Sales Representative,fgerbelgh@dailymail.co.uk
595,9,Francis,Ullrich,Rosettini,6J5B6D2R4S,R6O5V8P8Z4,false,Sales Representative,frosettinigi@a8.net
596,13,Anthiathia,Nipper,Gallant,9J1I9H8C0T,Z5G0X0P9Y2,true,Executive Secretary,agallantgj@hp.com
597,1,Emmy,Emett,de Voiels,3G6F3E4Z4Y,F9Z3K5O5O7,false,Software Engineer II,edevoielsgk@fema.gov
598,1,Glen,Alastair,Longfellow,4R7H8X3D6F,B7P3H4F5L1,true,VP Marketing,glongfellowgl@vkontakte.ru
599,8,Kathye,Lount,Reast,8N2A1S8H5R,Y4G5N0A0S3,false,GIS Technical Architect,kreastgm@state.gov
600,13,Cyrill,Firmin,Deddum,4N3K1U8W8Q,R2Q2Z0A2L4,false,Data Coordiator,cdeddumgn@ycombinator.com
601,4,Orlando,Evetts,Merwede,5P6J4E1I3V,X5A9V1E3D6,false,Financial Advisor,omerwedego@umn.edu
602,9,Dora,Poyser,Mea,9I0P7R3B6T,N6G6P0L0K8,false,Chief Design Engineer,dmeagp@globo.com
603,15,Jdavie,Cutler,Lente,3C6L2K8K1K,T2K4Z8V8R4,false,Geological Engineer,jlentegq@walmart.com
604,15,Henrietta,Tombling,Iwanczyk,1R2H3T6M3J,N0Q6X9E2T6,false,Cost Accountant,hiwanczykgr@g.co
605,2,Nanci,Dalli,Solman,7M9M4A7C4R,I3N5Y0Y9N6,true,Account Coordinator,nsolmangs@redcross.org
606,11,Sean,Carlin,Tilte,5L2N1T3Z8G,A0W3X3V9U0,false,Developer III,stiltegt@godaddy.com
607,8,Annnora,Slessar,Hinsch,3S7Q5L4C7I,N9A8J6H9U6,false,Project Manager,ahinschgu@jugem.jp
608,8,Daniela,Freeburn,Strain,9J9Q1C8R5U,Q1T6V2R2A4,true,VP Quality Control,dstraingv@globo.com
609,5,Frances,Kassidy,Boteman,5T7T3E5J9W,H2P6D4O8Q8,false,Senior Editor,fbotemangw@zimbio.com
610,12,Rena,Malshinger,Neles,0N3P7V1I6E,X6P4W0Q8J8,true,Senior Editor,rnelesgx@scientificamerican.com
611,14,Linoel,Smaleman,Romei,4S8N4O9G8O,S9V7W6V6Q4,true,Research Assistant III,lromeigy@i2i.jp
612,14,Farica,Hardwin,Spadollini,0E7V9F0P5G,O8L6K6L6F1,true,Marketing Manager,fspadollinigz@macromedia.com
613,15,Marjy,Kerrich,Leon,7P6S0H2B2J,K5D8Q2A0M9,true,Actuary,mleonh0@howstuffworks.com
614,2,Kelly,Dunstall,Cotherill,0M3L8F0G7M,I5M0C2H2M8,true,Systems Administrator II,kcotherillh1@free.fr
615,14,Mela,Peerless,Larraway,4O0O0F3B3F,S7H3F2V7I7,false,Health Coach I,mlarrawayh2@wix.com
616,15,Enrica,Faiers,Harkes,9P2V3E3R7H,B8Y9F1F2J0,true,Software Engineer III,eharkesh3@gravatar.com
617,7,Clint,Chatterton,Quan,6R3K6T9C3Y,W5X7Z2D8Y4,true,VP Product Management,cquanh4@blogs.com
618,7,Dolorita,Cud,Izzard,6Z1N9D8U3F,A0C7W9A9S0,true,Occupational Therapist,dizzardh5@unc.edu
619,1,Janaya,Clapshaw,Espy,4B8J4B1J7L,F2E4S1X8Q6,false,Community Outreach Specialist,jespyh6@wikispaces.com
620,5,Jackie,Rew,Malkinson,3L5V9G5U6B,I8R6Q6X7P8,true,Staff Scientist,jmalkinsonh7@alibaba.com
621,7,Rivy,Clew,Iacobacci,9Z4S1W2A0S,I5Y7U2Y2G1,true,Environmental Tech,riacobaccih8@fema.gov
622,10,Dolph,Gianni,Schach,1Q5W0H6Z1V,Y8P4K7U6R4,false,Pharmacist,dschachh9@phpbb.com
623,4,Herschel,Dillistone,Cheake,6O3S9A6C7B,V4N1S8X4K2,true,Community Outreach Specialist,hcheakeha@networksolutions.com
624,1,Yasmin,Bonhome,Yokelman,9O5N0Y5F6P,X0R8Q8S6R0,true,Research Nurse,yyokelmanhb@comcast.net
625,8,Salmon,Wragg,Elnor,0E9P8K1O8T,J9Y4K9M9R4,true,Assistant Manager,selnorhc@nationalgeographic.com
626,9,Anselma,Aleavy,Allsworth,2A9T1F6E1U,T0B3B0P8S2,false,Actuary,aallsworthhd@naver.com
627,10,Anastasia,Bowman,Reveland,4S5M3X7I4E,O8D1C6U5A2,true,Administrative Assistant I,arevelandhe@slideshare.net
628,8,Amelia,Ruff,Tortoishell,8H2S9P9M6R,Z2B2A1B4Q6,false,VP Accounting,atortoishellhf@reddit.com
629,7,Alvis,Wyant,Grassin,2K8L5F7R3K,D6I4B1D8W1,false,Tax Accountant,agrassinhg@tumblr.com
630,6,Perry,Percy,Sheddan,7W8D8Z1F9E,O4H0V3F1J9,false,VP Product Management,psheddanhh@fastcompany.com
631,14,Cahra,Smalles,Surr,9V4E3F1N0A,J9H1J1C1K3,true,Dental Hygienist,csurrhi@cmu.edu
632,6,Christopher,Reveland,Arkcoll,2T6J7N8D1F,X8J6N6R4E3,false,Senior Quality Engineer,carkcollhj@ameblo.jp
633,6,Carmencita,Grayling,Antcliffe,0E9C8R6J6P,J7D6B4B4I7,true,Human Resources Manager,cantcliffehk@instagram.com
634,12,Constance,Larne,Steward,0G7O4F3T1L,D7G8D6C0K2,false,Teacher,cstewardhl@w3.org
635,3,Gustavus,Finnie,Hedderly,0F9H2U0P7E,V4A6P0E6T1,true,Budget/Accounting Analyst II,ghedderlyhm@livejournal.com
636,7,Erhard,Slee,Ireson,6S6J7K7L6Z,V9L1I3V1H1,false,Registered Nurse,eiresonhn@princeton.edu
637,15,Spense,Cudworth,Vigar,1U5O3H7H7C,A6Y7N1Z9P2,false,Accountant II,svigarho@msn.com
638,11,Nikolaos,Heeps,Hizir,6T6C1A6B8D,U4K9P6F6E3,true,Safety Technician III,nhizirhp@booking.com
639,11,Janina,Euesden,Ball,9J9Z9W0C8A,O4L0E9V4V3,false,Biostatistician IV,jballhq@ibm.com
640,3,Myca,Chivrall,Snoxall,5Z5G4O9V3F,Y3S8J1X6Z8,false,Marketing Manager,msnoxallhr@nymag.com
641,8,Fawnia,Dearing,Darque,1A4M3V6C5R,K8H2C5Q3J1,true,Marketing Manager,fdarquehs@cnn.com
642,3,Kevyn,Szach,Aarons,7T8V2O7D1J,Y3D3T6C8O9,false,Senior Sales Associate,kaaronsht@feedburner.com
643,4,Dyanna,Sherrum,Limer,6L8Q2F0L2L,F4Y0I7W6Z2,true,Nurse Practicioner,dlimerhu@businessweek.com
644,15,Linn,MacCole,Hegley,7M3F0S4F1I,J9U8D9D0M3,true,Legal Assistant,lhegleyhv@cnet.com
645,10,Bordy,McCleary,Paslow,5L3B6P4G2E,P7E0Q6H0A8,true,Executive Secretary,bpaslowhw@foxnews.com
646,12,Beryl,Illston,Carlesso,7A5Z7O0K0O,Z9M2X3A6H8,false,Nurse Practicioner,bcarlessohx@de.vu
647,8,Ernest,Cargo,Cops,0Q7N9N5F3D,B8Z1Y9P5A9,false,Product Engineer,ecopshy@un.org
648,2,Rhiamon,Hilldrop,Paffitt,7O0G0W9S4S,K1Y3P2S2X1,true,Community Outreach Specialist,rpaffitthz@jugem.jp
649,10,Melodee,Mayhead,Aulds,8I8Z9P6J0A,R3Z9H5L0S8,false,Web Developer II,mauldsi0@paypal.com
650,10,Brose,Vakhrushin,Simeons,5T3P5V6F8D,I2K3P9X1H6,false,Human Resources Assistant III,bsimeonsi1@plala.or.jp
651,7,Wilma,Victoria,Melross,7H4C6M5I9B,K7F5B6Z8D6,false,Structural Engineer,wmelrossi2@sun.com
652,7,Evelyn,Spinage,Kubczak,2G6M5C8I2L,K6I7Q5O0C6,false,Structural Engineer,ekubczaki3@kickstarter.com
653,2,Piper,Eckersley,Marczyk,8J2M0O9I5Q,V7E1U8P5V2,false,Statistician II,pmarczyki4@shinystat.com
654,5,Kirsti,Lansley,Reddoch,2S6A1O0A7K,K2N3Y9B0N9,false,Assistant Manager,kreddochi5@gov.uk
655,8,Jemimah,Kingswell,Hussell,6H1K3V7M9H,G2R3H1U9T6,false,Clinical Specialist,jhusselli6@theatlantic.com
656,3,Haroun,Alenshev,Jahnig,0C7G9V9U1O,Z8E1M3R5L2,true,Information Systems Manager,hjahnigi7@purevolume.com
657,2,Warden,Bastick,Carass,8I5O2F0J1V,M8N8L7O2E2,false,Pharmacist,wcarassi8@google.co.uk
658,15,Isaac,Newcomb,Philipp,1R4H5P3Q9U,U0T9J2K5R2,true,Nurse Practicioner,iphilippi9@upenn.edu
659,10,Tamas,Loughman,Leadstone,5P3S0Z6Y5O,E9F4G9J5U5,true,Editor,tleadstoneia@yellowbook.com
660,14,Dukie,Curgenven,Rappport,3J1H8M1D0J,Y1X9A8R2M3,true,Systems Administrator III,drappportib@phoca.cz
661,15,Anett,Pickerill,Escritt,9I1Q6A5J2Y,R5Z1O6F6O1,false,Senior Cost Accountant,aescrittic@odnoklassniki.ru
662,1,Ulrich,Calderonello,Markel,2G9Q1R2G7C,Y8W3A9T9K7,false,Geological Engineer,umarkelid@webnode.com
663,9,Jaine,Lavall,Kamen,4K7B4U7X1C,Z6J7B5N1R6,false,Engineer I,jkamenie@whitehouse.gov
664,12,Hailee,Ringrose,Biagioni,8Z8M4C0T9B,V9I1I2B6O3,false,VP Marketing,hbiagioniif@behance.net
665,9,Mavis,Warsop,Claire,9N6W0J0Z0T,W1F4P8A0C2,true,VP Accounting,mclaireig@ocn.ne.jp
666,7,Fee,Rudderham,Cordero,0M9W5W1R0X,S9B1T9P2D6,false,Teacher,fcorderoih@rambler.ru
667,4,Brett,MacCarter,Kilban,0L3S2Y7I2B,G1T6R5O0S6,false,Administrative Officer,bkilbanii@uiuc.edu
668,5,Lester,Janak,Lints,1Y1O2W8W7D,N8O5A8Z8J5,true,Nurse Practicioner,llintsij@tripadvisor.com
669,7,Nelia,Smail,Brunskill,1Q0B4W3M1V,K5Q6O6R3V3,true,Account Representative II,nbrunskillik@upenn.edu
670,2,Jedediah,Cowerd,Balloch,2B0J9S1Q9K,H5T9P5K2Z6,false,Staff Accountant I,jballochil@a8.net
671,8,Constantina,Corwin,Bergeau,4V6Z9R2Q2J,O6J4T2N9K5,false,General Manager,cbergeauim@elegantthemes.com
672,3,Ollie,Roebuck,Idel,5K6X6V2J9W,P5A9Q5X0E5,false,GIS Technical Architect,oidelin@arstechnica.com
673,1,Kyle,Whether,Adamski,2A2A8T8X2L,A5J3L7R6K8,true,Associate Professor,kadamskiio@issuu.com
674,11,Ralph,Lambis,Gendricke,8N5I5L1U6E,K7T9T3Z6T5,true,Environmental Tech,rgendrickeip@oakley.com
675,10,Blondell,Pawsey,Tolworthy,0U0O2K3Z0H,Q5G5E0Y0B1,false,Technical Writer,btolworthyiq@artisteer.com
676,14,Evelin,Rangeley,Tyrrell,4U7D3X5T6Q,G3N2S0Q2A0,true,Programmer I,etyrrellir@delicious.com
677,7,Antonius,Baudi,Worthy,5V0M8U7S3S,Q8R5P7H4I6,true,Help Desk Technician,aworthyis@disqus.com
678,2,Reamonn,Delos,Clist,8N3U1L3B2D,V6O8H8W7V9,true,Community Outreach Specialist,rclistit@twitpic.com
679,12,Enrica,Tebbe,McGuinley,1G1B4J8U7B,C4G4P0E6R2,true,Civil Engineer,emcguinleyiu@cdbaby.com
680,10,Ailene,Duley,Fever,6Z3H9I3E1E,F2U7S2Q8U3,true,Software Test Engineer I,afeveriv@aol.com
681,11,Atalanta,Floodgate,Orlton,3G7S3V8W8H,T5Z7K1B8R6,true,Nuclear Power Engineer,aorltoniw@si.edu
682,3,Brantley,Fanton,Wallage,0J2M7E0J6N,P5V6V8I5S4,false,Account Representative II,bwallageix@de.vu
683,13,Reuven,Paquet,Selburn,1Z4Q6N1Q5L,X0R2P4J8X4,true,Accountant IV,rselburniy@narod.ru
684,7,Hagen,Cribbin,Glendining,5K2M7G9V2V,B6P5X2Y3H7,true,Staff Scientist,hglendiningiz@google.com
685,1,Minnie,Mila,Cowpe,9X8U8G1L7Q,F5C7T0N4I7,true,Graphic Designer,mcowpej0@mac.com
686,12,Aubine,Sabie,Kumaar,5U2G6S2L3A,P6B3S5N0N8,false,Electrical Engineer,akumaarj1@state.tx.us
687,13,Laney,Ableson,Driver,8V2R6U3H7H,N8P8H9C4X8,true,Professor,ldriverj2@google.co.uk
688,7,Marisa,Ravel,Cherry Holme,0C9S2N2X7N,R8O5L4C7O2,false,Chief Design Engineer,mcherryholmej3@yahoo.com
689,10,Taylor,Mattevi,Haresnape,5A8H8T6O4D,L3A5N4E4X5,true,Senior Cost Accountant,tharesnapej4@pen.io
690,3,Lanny,Raxworthy,Giaomozzo,8P7V3O5A5B,S1S8S2J2T5,true,Pharmacist,lgiaomozzoj5@privacy.gov.au
691,2,Brianne,Francey,Vaney,0X3F8X2W1P,E5E1K1O4M9,true,Office Assistant III,bvaneyj6@networkadvertising.org
692,4,Madeline,Krates,Oldale,0Z0R2N5C7A,C2E7U8Z2O7,true,Software Consultant,moldalej7@multiply.com
693,9,Durand,Noury,Ferreras,9S4Z4Q3S0B,M3X9Y2T3J5,false,Senior Editor,dferrerasj8@cdbaby.com
694,7,Nannette,Deboick,Anfonsi,4Z2J7B6U1H,R3F0O9G5X0,true,Web Designer III,nanfonsij9@discovery.com
695,15,Trip,Worsam,Fosdick,6G4D4R6F3Y,G8W2Y9P8F7,true,Business Systems Development Analyst,tfosdickja@boston.com
696,13,Corella,Harrigan,Elsley,2J3K7F1S6L,O1X0H3P9F0,false,Information Systems Manager,celsleyjb@google.com.hk
697,3,Zacharias,Offin,Scardifeild,5Q9P9E3P1W,M0J2J8M3F2,true,Physical Therapy Assistant,zscardifeildjc@foxnews.com
698,6,Gawen,Bigg,Andrivel,9J6F3F8X2T,N9T1J5I3Q3,false,Assistant Professor,gandriveljd@last.fm
699,4,Terza,Docket,Baume,8W0G9V5H5K,A0C8M5H5A5,true,Associate Professor,tbaumeje@tinyurl.com
700,4,Zared,McElwee,O'Sirin,3S9Z9Y8O8G,V4O9T4P0L7,true,Senior Quality Engineer,zosirinjf@hibu.com
701,4,Gerty,Jochens,Lambis,4A8Q0Y1K3E,M5Y6H4Y4K3,false,Programmer III,glambisjg@weather.com
702,11,Walther,Crinkley,Dandy,3D8C1J1V6M,C1P4G3Y4P3,false,General Manager,wdandyjh@slideshare.net
703,3,Leland,Watmough,Alves,1A0K5A2Z8Z,K3J3J3X7M5,true,Teacher,lalvesji@google.fr
704,9,Noreen,Doles,Bibb,1G4K0B3N5F,L0K6O3V0B3,false,VP Quality Control,nbibbjj@cyberchimps.com
705,11,Valentijn,Crennan,Deverale,5Q3E9C2D5I,D5C0Z3D8B7,true,Research Associate,vdeveralejk@joomla.org
706,7,Marthena,End,Lestrange,7E7J7Q2Z7M,H5Z0J6P3P0,false,Senior Editor,mlestrangejl@wikispaces.com
707,7,Lars,Mellody,Burberye,1O1E7W5L2J,N1R1W1B9V8,false,Actuary,lburberyejm@cloudflare.com
708,9,Chrisy,Morsley,Leverington,9Z0K6V2V2A,B9V5P7G8X3,false,VP Quality Control,cleveringtonjn@addtoany.com
709,8,Georgeanna,McGuffog,Brewitt,9Q5W0D4I7Q,Q3I1P1T4U9,false,Food Chemist,gbrewittjo@mail.ru
710,12,Ebenezer,Canadas,Farncombe,3M4L1X4A7U,P0Z9T9Z7H6,false,Senior Quality Engineer,efarncombejp@psu.edu
711,1,Jonathon,Lias,Griffey,1K8H4B5U3I,V9X3O0R3Z0,false,Senior Cost Accountant,jgriffeyjq@wunderground.com
712,15,Cristy,Jankovsky,Wharton,2V2E4X4D1H,Z4C0P8J6V1,false,VP Accounting,cwhartonjr@princeton.edu
713,15,Janith,Scrivens,Dellit,2P4A9A3X9V,H9H5W8U1H3,true,Developer II,jdellitjs@ifeng.com
714,2,Berry,Barke,Blaase,5C9M5O4Y3J,M4Q3R4P9D8,false,Chief Design Engineer,bblaasejt@dagondesign.com
715,6,Kori,Kubera,Castleman,3Z9R4G6E7G,W6H4I6H7S3,false,Clinical Specialist,kcastlemanju@themeforest.net
716,12,Elysia,Cleugh,Faulo,2D6X6R8F2F,Y8I1M5Z6I7,false,Financial Analyst,efaulojv@wp.com
717,6,Debor,Grene,Robbeke,3Q5S8M3E2T,J4U3A4F9T0,true,Software Consultant,drobbekejw@patch.com
718,1,Jayson,Kort,Sant,2G3L0T2M3W,I9V7Y6W3Z6,false,Research Assistant I,jsantjx@hc360.com
719,2,Laurene,Carriage,Baldocci,3J7Q5W7Q0X,U7W9K8C3K9,false,Associate Professor,lbaldoccijy@fotki.com
720,7,Keelby,Fogel,McMenamy,1V8M3C5E5U,X4T7Z1N1Z3,true,Project Manager,kmcmenamyjz@hexun.com
721,13,Annelise,Hanratty,Badland,0U3T0H6H8J,T4P3V2P6A4,false,Food Chemist,abadlandk0@sakura.ne.jp
722,15,Zechariah,Fresson,Joder,4R3Z9J6U6U,K9O7Q3R4H5,true,Web Designer II,zjoderk1@wikia.com
723,8,Lorain,Kilfeder,McKibben,8O5A9Z8V2W,O7X1R0Y3B4,false,Nuclear Power Engineer,lmckibbenk2@guardian.co.uk
724,1,Chelsea,Verrier,Turri,6H7H3Q0O0B,T1R2S3G7A3,false,Account Coordinator,cturrik3@topsy.com
725,14,Joete,Burgwin,Eplett,8C6C7X5D1U,S9M2S9N9C9,false,VP Quality Control,jeplettk4@alibaba.com
726,12,Alexandre,Izkovicz,Heardman,8B8M5V8G0B,J5S7D9R8A3,true,Assistant Manager,aheardmank5@csmonitor.com
727,13,Bridie,Mowle,Drowsfield,8F0W0C2V6K,X8E4C1C0Q6,false,Administrative Assistant I,bdrowsfieldk6@cornell.edu
728,14,Rhianna,Andrieux,Mundwell,8N9U7N9H5A,U4T6R8B1B7,true,Developer IV,rmundwellk7@reverbnation.com
729,11,Maureen,Hellings,Siely,5R8J4M1X0K,Z8Y9L2T9Y8,false,Quality Engineer,msielyk8@nsw.gov.au
730,9,Oralla,Deyenhardt,Shuttlewood,9F1N9R1V7F,L9E3E7R3A9,false,Programmer Analyst II,oshuttlewoodk9@gnu.org
731,2,Babara,Elix,Kamienski,0G8X4M0A1K,P4B0H7I9P7,true,Registered Nurse,bkamienskika@joomla.org
732,8,Ewart,O'Kynsillaghe,Starling,2E5P1M0M8X,P6Y4B5B9I9,false,Nurse Practicioner,estarlingkb@wufoo.com
733,1,Leonardo,Faltin,Vennard,3Q5S3V4O2R,F6W4T2R9B9,false,Teacher,lvennardkc@nationalgeographic.com
734,6,David,MacFayden,Dubery,5Z7A5L1B3P,K6D9R3H6C3,false,Office Assistant I,dduberykd@google.co.jp
735,11,Lorette,Whipple,Overshott,7V0A2V9H3A,R9W2F1W6G0,false,Community Outreach Specialist,lovershottke@infoseek.co.jp
736,11,Yurik,Clibbery,Wyldes,0U6D8V3R4P,C2C3D9K6Z6,false,Environmental Specialist,ywyldeskf@uol.com.br
737,13,Desiree,Markham,Grogor,4G4W1O7X8B,H9D2E3E9E5,true,Research Associate,dgrogorkg@mlb.com
738,6,Britta,McConnel,Broadbear,2T1S2S6K9A,X2P4F4V2N4,false,Civil Engineer,bbroadbearkh@toplist.cz
739,7,Bellina,Ferreres,Borrington,2O6U3L0E5Z,Y9A7N6Y7H5,true,Electrical Engineer,bborringtonki@symantec.com
740,7,Fee,Matchell,Killingworth,1U3S9G9M8D,M0M7M6O1Z6,true,Structural Analysis Engineer,fkillingworthkj@linkedin.com
741,8,Bonnie,Macieiczyk,Styche,7H7H7O8P9U,D2H7I8D1W9,false,Senior Financial Analyst,bstychekk@dedecms.com
742,4,Rayshell,McKinney,April,1J7X7C9T2K,C0I7H8Z6F9,false,VP Accounting,raprilkl@mediafire.com
743,8,Haley,Gillingwater,Saing,7T8W3F1X9X,D0R0Y1Q6P0,true,Director of Sales,hsaingkm@alexa.com
744,13,Collete,Mallard,Hark,7F8L4G0O6P,P8D9Y6E9T9,false,Product Engineer,charkkn@creativecommons.org
745,15,Richard,Meehan,Ashlee,3Z2E1K2D0M,J5D4A3Q3L5,true,Chemical Engineer,rashleeko@posterous.com
746,5,Anabelle,Oehme,Mcettrick,9Z3J3R2T2C,T1Y1T4O7X3,true,Software Engineer III,amcettrickkp@about.me
747,12,Gussy,Husthwaite,Rowth,7R8N2J6W7M,F9N8O2R2Q0,false,Clinical Specialist,growthkq@paypal.com
748,7,Bud,Rother,Pally,2L4T0I1K2I,L7V3B5U1E6,false,Sales Associate,bpallykr@seesaa.net
749,11,Keen,Wynter,Besnardeau,8Y6I5B0J9I,P0U6B5Z2G9,true,Internal Auditor,kbesnardeauks@archive.org
750,13,Mycah,Briand,Crichmere,6O7N2K3P4M,H5J5K5N3N7,false,Data Coordiator,mcrichmerekt@histats.com
751,12,Rickie,Hoston,Desaur,7L5S5D6Q6F,N3G1I2V3M3,true,Food Chemist,rdesaurku@barnesandnoble.com
752,8,Lynelle,Emlen,Brignall,0T5L5Y8U5D,G6K0Q0D6S2,false,Safety Technician I,lbrignallkv@whitehouse.gov
753,7,Virgina,Laybourne,Lumm,0O3L0K1H1D,F9D5J5J0F5,true,Account Coordinator,vlummkw@weather.com
754,6,Conant,Spelling,Kerwood,0P5N4G4O3V,W1N0M7J8T2,true,Computer Systems Analyst III,ckerwoodkx@moonfruit.com
755,12,Katee,Huckfield,Dykes,3J8N6S1B5P,F1A2M9Y9U7,false,Pharmacist,kdykesky@cnbc.com
756,8,Cordell,Haddon,Morphey,0N6L4V0M4B,A7T0C6D0J5,true,Statistician IV,cmorpheykz@census.gov
757,11,Lori,Lendrem,Neve,6W6K7L7V5O,N3F8R6E4J9,false,Account Executive,lnevel0@unblog.fr
758,3,Janel,Mulholland,Slaney,8B0L7N5E9F,T7A0B8H2G5,true,Nurse Practicioner,jslaneyl1@istockphoto.com
759,5,Marie,Mackneis,Tuttiett,9B0F6U5L0N,V1O1X0X3V0,false,Internal Auditor,mtuttiettl2@google.es
760,8,Lorilyn,Broadey,Steenson,2U2G3H4W0W,H9L1J4B3B0,true,Assistant Media Planner,lsteensonl3@dailymail.co.uk
761,9,Whitman,Petegree,Bebbington,7S3W5X1R3N,Z3H7T9F0Y7,false,Assistant Professor,wbebbingtonl4@nytimes.com
762,14,Murielle,Cuvley,Brummitt,2S7M4A1E3H,G3C2G9A8P5,true,Database Administrator II,mbrummittl5@soundcloud.com
763,14,Kris,Trodden,Batchelour,2E1M3J6J1C,O2B5J6E6W6,false,Electrical Engineer,kbatchelourl6@kickstarter.com
764,14,Selene,Ugoni,Timbrell,5I8T4N3B2C,A6O7D9A3B5,false,Paralegal,stimbrelll7@goodreads.com
765,12,Irita,Mapp,Delyth,3A6U4N6I3F,H5U5Y8O2P5,true,Speech Pathologist,idelythl8@illinois.edu
766,2,Aubry,Oller,Larway,1T9V8C1Z0F,W6U9C7U8F7,true,Media Manager I,alarwayl9@mysql.com
767,11,Heddi,Treske,Gauch,8C4T2Y1O0A,P4A8A9V0R3,true,Marketing Manager,hgauchla@who.int
768,4,Vina,Groundwator,Mushawe,9Q7R5O0W2X,Y5V2G4M1O5,false,Compensation Analyst,vmushawelb@army.mil
769,8,Ola,Gives,Dunbobbin,5A7F7H9G7W,E4A0T4Q4Z9,true,Research Associate,odunbobbinlc@cargocollective.com
770,14,Doralyn,Gentry,Hutcheon,5F2S6U5R7B,S4H0M7P8H3,true,Marketing Assistant,dhutcheonld@nsw.gov.au
771,2,Cleve,Thoms,Fipp,2S9M0V9G2A,R3W9O1R5O2,false,Assistant Media Planner,cfipple@tuttocitta.it
772,2,King,Durrad,Cunnington,9J9V0K6S8S,O4D0N2W0I2,false,Recruiter,kcunningtonlf@unc.edu
773,8,Nadeen,Grelik,Sephton,7D4K5W0F8M,O2D3Z6K8W8,false,Social Worker,nsephtonlg@1688.com
774,5,Adrianne,McNeill,Kelle,0R7N8G5N1U,T0I4J5B5T6,false,Librarian,akellelh@nymag.com
775,8,Karrie,Laister,Gullen,1C2D9Y1W2Z,B3M1Q6I1J5,true,Help Desk Operator,kgullenli@usnews.com
776,1,Patsy,Boulden,Besset,3A9W9K2Z3Z,U0O8F7S7P6,false,Help Desk Operator,pbessetlj@fotki.com
777,11,Frankie,Coverly,Huke,0J4B3Q2C5S,B4W5L7T7F2,false,Design Engineer,fhukelk@examiner.com
778,2,Gypsy,Maiklem,Stallen,3J5X6A9I4Q,E7W2V0P6N8,true,Civil Engineer,gstallenll@google.fr
779,1,Lorelle,Woehler,Mulryan,5E2H9A4Z1O,I9Q8D2D6Q9,true,Pharmacist,lmulryanlm@cbslocal.com
780,14,Marcos,Dransfield,Windridge,5B7Q1B8K4I,G4Z0F7Y0G5,false,Speech Pathologist,mwindridgeln@ezinearticles.com
781,2,Judie,Bulmer,Spanton,5C1K4E7A9X,K8L0D1H9J3,true,Financial Analyst,jspantonlo@rakuten.co.jp
782,7,Glennie,Vairow,Borer,7P4W6F1Q8M,V2E8V7N1G6,false,Social Worker,gborerlp@acquirethisname.com
783,1,Alister,Brooks,La Croce,0K2V4C0H8E,E5F2I7K4Z7,false,Financial Analyst,alacrocelq@surveymonkey.com
784,4,Judas,Groombridge,Schieferstein,6M5Z8X1Z5H,T1C3C2Q1T7,true,Nurse Practicioner,jschiefersteinlr@oakley.com
785,10,Whitby,Tetford,Pook,6C7I0O6C0K,C0Z5B5Q5I3,false,Environmental Tech,wpookls@earthlink.net
786,5,Belinda,Tarney,Wahncke,3I1O3Z6B0W,Z7E7P3I4K8,false,Human Resources Assistant III,bwahnckelt@narod.ru
787,4,Zarla,Aldam,Rosenschein,7O3D3R5W9M,E3T1A5K8F3,true,Research Nurse,zrosenscheinlu@yellowpages.com
788,12,Delbert,Chevin,O' Shea,6D1O5Y1W2V,P7U3V5P4Y9,true,Nurse,doshealv@umn.edu
789,6,Rick,de Courcey,Froud,1Q8J9Z7J7P,H1T7R3N4Y2,false,Professor,rfroudlw@freewebs.com
790,2,Merwin,Orteau,Wisson,0K3C5F7O4Q,N0H0D3Q5P0,true,Nuclear Power Engineer,mwissonlx@ibm.com
791,2,Micheil,Cassin,Craythorn,4L4E1R0M9N,J5N1N9P9N6,false,Database Administrator I,mcraythornly@themeforest.net
792,8,Sylas,Yakobovitz,Corden,3P0P0P0M3R,I9K7G4X4Y5,false,Structural Engineer,scordenlz@fastcompany.com
793,4,Ellis,Abrahamowitcz,Pogosian,8G9R3K0Z7Q,L0K9C9W3F7,false,Office Assistant IV,epogosianm0@nhs.uk
794,10,Delbert,Ricco,Spelsbury,9E9I0X7G1C,A1B3H4F5Q3,false,Web Designer IV,dspelsburym1@liveinternet.ru
795,15,Bruno,Grain,Gianetti,7G2R6J3Y0T,A6J3A3R3L2,false,Structural Engineer,bgianettim2@baidu.com
796,12,Guillermo,Shrimptone,Lenaghen,0N6U4E5X4F,S4W6K6B8R8,false,Mechanical Systems Engineer,glenaghenm3@example.com
797,5,Meryl,Willows,Kentish,8X5Y8Z7T0D,T4Y1Z1D6X8,true,Account Representative III,mkentishm4@businesswire.com
798,15,Nara,Lesly,Romke,3L4N9U0H6U,B7A9A4R2U4,false,Internal Auditor,nromkem5@weather.com
799,13,Gradey,Hickinbottom,Seman,0W9Z5Y0S0F,L1Q5L8S2T1,false,Occupational Therapist,gsemanm6@imdb.com
800,3,Marline,Hasselby,Joire,0J9D1D2V8U,T8T9L6H0W8,true,Social Worker,mjoirem7@acquirethisname.com
801,13,Alma,Desport,Gregersen,9C7K4B6N9P,N3O0Y4U4Y1,false,Dental Hygienist,agregersenm8@cbsnews.com
802,4,Rois,Munday,Blaycock,5T7Y8E9S9O,S5K4U4U2I2,true,Quality Engineer,rblaycockm9@home.pl
803,2,Bobbie,Luttgert,Yu,5L5G9Y5N0U,Z5Y2K3I3Z1,true,Research Assistant II,byuma@macromedia.com
804,1,Alaine,Gamlin,Sutterfield,4J9I3V1K5J,M5L9O1F4A4,true,Senior Financial Analyst,asutterfieldmb@businesswire.com
805,7,Norton,Beavon,Ox,6F9E0H3L8E,E1L4M2S4Z8,true,VP Quality Control,noxmc@posterous.com
806,6,Joyan,Jorczyk,Cogzell,3L1C0Q2R9X,A1W6R8Q7R8,false,Mechanical Systems Engineer,jcogzellmd@mit.edu
807,13,Wendall,Ainslee,Afonso,3A8T4F9A7O,Y2A2Q7H7E3,true,Nurse,wafonsome@github.com
808,4,Anne-corinne,Sutherley,Fillimore,7Y9U5E0G8D,R5G4D4I2Q5,false,Tax Accountant,afillimoremf@deviantart.com
809,1,Derward,Munning,Cardoso,0O5S9V7K8S,G8D9A8G1B3,true,Office Assistant IV,dcardosomg@dailymotion.com
810,10,Natalee,Aronstam,Bartos,3B5J8F4X9L,B4W3J9O4D8,false,Health Coach III,nbartosmh@networksolutions.com
811,10,Thea,Cruwys,Hanwright,5P6N7N7I5K,B5N9S5K7Q4,false,Budget/Accounting Analyst IV,thanwrightmi@biglobe.ne.jp
812,9,Elspeth,Durning,Synke,0W8L9P1D4O,S0R4R9Z9K7,false,Human Resources Manager,esynkemj@oaic.gov.au
813,11,Kippy,Haffenden,Bendare,4K1P0H5Y0R,W3L7A6B2A6,true,Senior Developer,kbendaremk@pinterest.com
814,11,Ruthe,Jorgesen,Yakutin,1X8O3X2Z6C,J0O9G1L1G0,true,Account Coordinator,ryakutinml@whitehouse.gov
815,5,Tani,Sharram,Bennitt,5Q9J5A9A7K,T2S1B8J2L9,true,Physical Therapy Assistant,tbennittmm@mashable.com
816,6,Madelina,Hickford,MacPaik,7P3V8V1S5H,Q5A7L1T5X3,false,Programmer II,mmacpaikmn@t.co
817,4,Heindrick,Brand,Endley,4Y3H6T0Z1R,F3I5O1E6S0,true,Office Assistant IV,hendleymo@newyorker.com
818,5,Brandice,Myford,Fellona,0C1C1P4O9N,R4A0E7S5K2,true,Account Coordinator,bfellonamp@aboutads.info
819,14,Abran,Cridlan,Riggott,2L8C7G8V4S,T8E4Y9S8Z9,false,Dental Hygienist,ariggottmq@virginia.edu
820,8,Ralina,Enos,Vosse,3R8W0N6B6J,Q3W3I5C3L5,false,Statistician I,rvossemr@jugem.jp
821,12,Edik,Dyke,Stansall,0T5R4F7T6A,N2R9Z0S5Q4,false,Administrative Officer,estansallms@patch.com
822,5,Cesaro,Weatherby,Pinchin,5O0N8P1H9Q,Y0I7I6X3O7,false,Senior Sales Associate,cpinchinmt@liveinternet.ru
823,5,Ashlan,Buffey,Farnan,5E6Y9K7I5X,M7T2Z6S1S5,true,Civil Engineer,afarnanmu@last.fm
824,10,Torrin,Carde,Kincaid,9J0Z9G0J3Q,B9U1R4V5E0,false,Account Coordinator,tkincaidmv@umn.edu
825,7,Ab,Timmens,Blodg,2X2R1A5G9Q,S7G6Q4A9H4,false,Help Desk Operator,ablodgmw@mayoclinic.com
826,2,Hildegarde,Cregin,Craigg,7D8F1S8J9O,J3V3U6L6S3,true,Community Outreach Specialist,hcraiggmx@prweb.com
827,10,Dana,Matthessen,Day,4R8G5V4S2H,R3X2D8Q6C4,false,Research Assistant I,ddaymy@people.com.cn
828,9,Jessica,Fairleigh,Millions,3J7D5X3E7Y,O6S9M1U8R4,true,Internal Auditor,jmillionsmz@typepad.com
829,11,Conney,Esposi,Britt,0U3P0I8F4X,N7G7E8S2J3,true,Design Engineer,cbrittn0@usnews.com
830,10,Correy,Serot,Dene,4B2M0U9F9Z,S6K7A4J9Q0,true,Professor,cdenen1@blogs.com
831,2,Charleen,Seeler,Beastall,0U2F9I6Q1A,P9R9S2J0D9,false,VP Accounting,cbeastalln2@deviantart.com
832,12,Terence,Yurkov,Malbon,0Y9M1G6O7B,U9J1D4I1B1,false,Executive Secretary,tmalbonn3@foxnews.com
833,15,Neile,Mibourne,Edgeon,5S3T6F9B2W,A9A3L9H2F9,false,Community Outreach Specialist,nedgeonn4@studiopress.com
834,9,Maribel,Winckle,Harden,2B8Z6Y9F2X,V1D0G1K6P9,true,Human Resources Assistant III,mhardenn5@g.co
835,13,Guinna,Kittel,Janz,6X8H5S3V5E,N4J5A8S8S7,true,Legal Assistant,gjanzn6@guardian.co.uk
836,8,Abba,Aingel,Britch,0T1M4R7L3X,A0N0O7D8X3,false,Financial Analyst,abritchn7@feedburner.com
837,3,Lou,Pacheco,Manzell,4F7B8W3E7D,Q1S0J3M9I6,false,Actuary,lmanzelln8@virginia.edu
838,9,Candy,Ourtic,Kintish,0V3D4P6Q1E,G2V2A2T0I3,false,Programmer II,ckintishn9@deviantart.com
839,7,Emmalynn,Sidwick,Fowlestone,6Z1W8M6Y8Y,Z0H5K8P1X0,true,Chief Design Engineer,efowlestonena@zdnet.com
840,5,Lesley,Fish,Hounihan,6P9W9J8K6Z,O8R1M7A2X2,true,Physical Therapy Assistant,lhounihannb@cam.ac.uk
841,11,Marshal,Marc,Gatman,1F2I1M5K3P,T2B7T1R0Q5,true,Nurse,mgatmannc@yellowpages.com
842,13,Iona,Pirie,Petrolli,9B8F4Z7S1D,A2K0I6F1C5,true,Senior Sales Associate,ipetrollind@youtu.be
843,9,Murielle,Awdry,Ingyon,8S7H5F5I0X,J5Q5C5J8Q4,true,VP Product Management,mingyonne@clickbank.net
844,10,Yard,Rissen,Sexton,5P8G4R8G8O,N3Z9T4U2A8,true,Quality Engineer,ysextonnf@nasa.gov
845,1,Alecia,Mundwell,Wyard,5S7Q3V3T3R,G3D3X9S0F1,false,Pharmacist,awyardng@ucla.edu
846,11,Genovera,Frie,Streeter,2C1C8P3T9K,U3T5D0R4G4,true,Executive Secretary,gstreeternh@gnu.org
847,5,Ricardo,Geldart,Spiteri,0T2V3L6X5S,B3D3Y2D4H3,true,Staff Accountant III,rspiterini@unicef.org
848,15,Heddi,Brabban,Deathridge,8Z7C0Y3T9K,E1Z1Z6L0Y3,true,Pharmacist,hdeathridgenj@paypal.com
849,7,Jack,McWard,Ricciardelli,3P9C9T7B2L,P3G3F1V4C4,false,Software Test Engineer II,jricciardellink@dyndns.org
850,4,Garner,Houndsom,Balle,2D9Y5N3B3Z,O7B6G1Z7K6,false,Analyst Programmer,gballenl@ftc.gov
851,13,Rosamond,Dunklee,Cuttell,8O9T1C3Y0W,U9X0R3F8C0,true,Senior Quality Engineer,rcuttellnm@economist.com
852,9,Wiatt,Noe,Kubalek,3F6P4R3D5Z,H9E4X9T3N0,false,Research Nurse,wkubaleknn@blogs.com
853,14,Ebba,Pitkeathly,Life,3W9P4K7S0J,T5W9F7J3G4,false,Recruiter,elifeno@pagesperso-orange.fr
854,8,Price,Persich,Gecke,5K7Y8T0W4K,H9A9I9X8L3,false,Web Designer IV,pgeckenp@craigslist.org
855,12,Roger,Gallard,Antonoyev,0D0W3K3Z7Y,Z6J8M4U4M8,true,Statistician II,rantonoyevnq@slideshare.net
856,14,Frasier,Bartalucci,Probyn,9V6C6H5P3I,O0Z0V1F3A9,true,Administrative Assistant II,fprobynnr@narod.ru
857,4,Octavius,Mullin,Ivashev,3V3T4L4Q4C,C7B0Y1N6X9,false,Marketing Manager,oivashevns@cocolog-nifty.com
858,11,Edythe,Card,Adger,6O0G3A6F5M,F0O6M0O3P3,true,Senior Sales Associate,eadgernt@bluehost.com
859,13,Laraine,Pardy,Yendle,3E2V6C2D7H,P7M7V7I3I8,true,Engineer III,lyendlenu@behance.net
860,4,Calla,Martusov,Plumb,1L3O1T7A1L,A5O4X5T8Y1,true,Account Executive,cplumbnv@wp.com
861,7,Flo,Coo,Ridd,8F5T3I4R6O,E0I2T8D4D9,true,Recruiter,friddnw@technorati.com
862,2,Corny,Senn,Linner,4L0J1O6P5L,L2A7W0L8N0,true,Account Coordinator,clinnernx@angelfire.com
863,10,Joycelin,Mullally,Crotch,5A0M3K1A8A,C8P8U7A1T4,false,Nurse Practicioner,jcrotchny@theatlantic.com
864,8,Tuckie,Ellens,Basilio,4M0Q9V3C4H,O0E8J6I0M3,false,Research Assistant III,tbasilionz@tamu.edu
865,11,Kandy,Quartley,Luesley,7L7J0F8U9S,X2Z1C1C4W4,true,Assistant Media Planner,kluesleyo0@auda.org.au
866,3,Fair,Swadlen,Brettelle,8G1V7D1G3M,J4X2J0A3Q6,true,Senior Sales Associate,fbrettelleo1@nasa.gov
867,14,Lola,Di Matteo,Nijssen,5V3M9B0H3C,A2Z1B4L1A1,true,Programmer II,lnijsseno2@ucla.edu
868,10,Amandi,Francesconi,Leroy,4M1D6J3D5V,C3K6U4G3H4,true,Software Engineer I,aleroyo3@forbes.com
869,5,Elena,Pargetter,Billson,9B1N4Z0B8W,M0H8F2H9C1,true,Speech Pathologist,ebillsono4@godaddy.com
870,12,Ealasaid,Brereton,Leacy,4G9U8V6H4Y,P2S4D2R2P8,false,Product Engineer,eleacyo5@youtu.be
871,7,Melba,Pasley,Medeway,7V2N1D3K5N,L0E2I2P7N4,false,Director of Sales,mmedewayo6@weebly.com
872,14,Guillaume,Gerren,Shearwood,6K0U8T7I2J,I3W9R0O0I7,true,Chemical Engineer,gshearwoodo7@adobe.com
873,14,Amye,Wakes,Braizier,5P7T5T6Y7A,Z8F2Z3E8D2,false,Account Executive,abraiziero8@smh.com.au
874,6,Ursulina,Crammy,Detoc,6C7P7X3U7K,I8A1I8H7F7,false,Assistant Manager,udetoco9@gizmodo.com
875,4,Mead,Georges,Osgarby,0A8O4H0I0B,R3A1Q6N5S7,true,Account Coordinator,mosgarbyoa@ehow.com
876,15,Bren,Gow,Wallman,2S4O9Y2Z8T,J5N5F2N6I8,true,Automation Specialist III,bwallmanob@delicious.com
877,6,Hermon,Houldey,Goncaves,9L8A4H3R1J,E0A3M4Z1W8,true,Occupational Therapist,hgoncavesoc@businessweek.com
878,2,Tate,Letteresse,Haggath,3U8U2M9E2H,P5S9V4M2V5,false,Teacher,thaggathod@tmall.com
879,13,Maje,Gillham,Harteley,6V3E1G8H0K,B7V0R3N5J4,true,Assistant Professor,mharteleyoe@blogtalkradio.com
880,12,Renaldo,Beals,Latus,0F9W5T8Y3M,N3G6U0P4G0,false,Senior Sales Associate,rlatusof@goo.gl
881,6,Mab,Peppard,Mews,7P7O3C1U3Z,Q8J7B3H3J8,true,Marketing Manager,mmewsog@wiley.com
882,10,Horton,Feast,Bratty,2C4T0K7Y3I,S4P9G2J0I1,true,General Manager,hbrattyoh@indiegogo.com
883,1,Brigitta,Krop,Saffle,6J9G5O8B9U,U0V6I8P8C9,true,Database Administrator III,bsaffleoi@sitemeter.com
884,15,Annalee,Danels,Tildesley,2I3O6S2J8F,V8F7P2T5M3,false,Programmer Analyst II,atildesleyoj@usa.gov
885,13,Alasteir,Pickance,Turley,9W0J3G2K4H,H4Y2L8M7Z2,false,Marketing Assistant,aturleyok@flavors.me
886,5,Julio,Tomasino,Oughton,1M0A9K5N1G,A5H3M2P6Z8,true,Systems Administrator I,joughtonol@symantec.com
887,2,Biddie,Bonn,Tildesley,0U6L3L5T4T,S7V2R8X0L2,false,Marketing Assistant,btildesleyom@edublogs.org
888,13,Kelsy,Grinston,D'Aulby,0Z0W0M9U0T,N1R9E1K5D9,false,Research Associate,kdaulbyon@ustream.tv
889,3,Nertie,Marshall,Wesker,9H9I3L0F3D,G0E4K2U3I9,false,Administrative Officer,nweskeroo@cocolog-nifty.com
890,2,Mariya,Deluze,Paver,4T4Q0F9R6O,P0U2E2F1W6,false,Design Engineer,mpaverop@elegantthemes.com
891,5,Darbee,Longridge,Kermeen,1O4M3N2H7N,I7T1U8Z8U1,false,Mechanical Systems Engineer,dkermeenoq@alibaba.com
892,9,Maison,Henriksson,Perrone,9B7Q2Y9A3V,P4K2L0I9Z0,false,Mechanical Systems Engineer,mperroneor@earthlink.net
893,10,Rollin,Philipsson,Sambals,9Q7Q4D3N1W,M5Q9F5F5C5,false,Registered Nurse,rsambalsos@wikipedia.org
894,3,Ethe,Tilney,Huke,4Q9S9W3G2R,E9C2A8B8R3,false,Biostatistician I,ehukeot@ning.com
895,12,Ervin,Duffet,Mosconi,9Y3J7T2Y0N,V7V0E6C5U7,false,Internal Auditor,emosconiou@alexa.com
896,3,Ferdinand,Blues,Tille,6W4G3N4D4F,A7F7P5T6R8,false,Account Representative III,ftilleov@google.es
897,10,Tiffanie,Wisdish,Mugridge,5G7N8X4S5C,I5T5U1P3U7,true,Computer Systems Analyst IV,tmugridgeow@nbcnews.com
898,6,Stephana,Jindrich,Deniske,5D1L5D3R6K,R3R1B2G8A8,false,Mechanical Systems Engineer,sdeniskeox@washington.edu
899,15,Alia,Frammingham,Dorrance,8J1Y3M4K9Y,V4A6H1N9G3,true,Senior Quality Engineer,adorranceoy@ning.com
900,11,Fiann,Ruhben,Andreev,8Q7G8U5V3G,F6B3K0Z6P9,true,Financial Analyst,fandreevoz@ox.ac.uk
901,1,Brooks,Juppe,Sorro,0E1S0C5R7G,D0I3E5V6W0,true,Safety Technician IV,bsorrop0@xrea.com
902,4,Liva,Schubuser,Monkley,9R0Q1G2R1K,C2G3M4X4W8,false,Senior Quality Engineer,lmonkleyp1@is.gd
903,6,Godfry,Melia,Karel,0B4X9D9Y5C,I2E6P8R3F6,true,Editor,gkarelp2@webnode.com
904,7,Dierdre,Phebee,Klyn,2E3J7O8O6G,V2J5Y6Q5C1,false,Pharmacist,dklynp3@pagesperso-orange.fr
905,13,Otha,Yashaev,Christofol,9V6C2B4X1P,H4Y2F5C4Q9,true,Associate Professor,ochristofolp4@liveinternet.ru
906,13,Rossy,Chad,Acutt,5H7Y6T2R5L,N4Q1Z2Y7E5,true,Software Test Engineer I,racuttp5@photobucket.com
907,6,Edwin,Lowerson,Mashal,9W1N1V7X4N,C7I6C6S8L2,false,Executive Secretary,emashalp6@google.nl
908,9,Rosalind,Meyer,Clementucci,4Y1L9H8V4W,G5U5T9I8S3,true,Data Coordiator,rclementuccip7@icio.us
909,6,Jemima,Muddimer,Huston,6S7D4K1B7M,O7L8D3O5B8,false,Web Developer IV,jhustonp8@homestead.com
910,13,Vassily,Wattam,Norrington,7J1R2J8T8B,E4R9J3D8Z1,false,Recruiter,vnorringtonp9@theguardian.com
911,8,Hannah,Rahl,Miche,6N1C1B3P2Q,C2N8A1R3W3,false,Dental Hygienist,hmichepa@jigsy.com
912,12,Gregoire,Rarity,Shadfourth,5O8N6S2Z5F,I8A3K9G4I9,false,Graphic Designer,gshadfourthpb@sitemeter.com
913,2,Iorgos,Southwood,Klaes,6Y1R7B9E6V,E4M6G8Q1D3,true,Technical Writer,iklaespc@unblog.fr
914,4,Roxana,Dagless,Coggles,1C0I1K4W4U,X2B9Q7R3T0,false,Environmental Specialist,rcogglespd@weibo.com
915,11,Ozzy,Kruger,Wilks,8M4R5B2U1V,S8A1W5R0K5,false,Environmental Specialist,owilkspe@narod.ru
916,11,Norbert,Maciak,Daniels,5T9G1D0B7E,O3W4X7J3P9,true,Software Consultant,ndanielspf@usatoday.com
917,11,Eilis,Wellbelove,Wynett,9V0G7Z8V4A,X2Y3Y9R9T9,true,Analyst Programmer,ewynettpg@nature.com
918,1,Barbette,Andriolli,Lindhe,8E5W8R7T0M,P6L8N6C4B3,true,Programmer Analyst III,blindheph@scribd.com
919,6,Annadiane,Lethebridge,Pea,9Z4J3I7B5D,V5R7U2U6B4,false,Teacher,apeapi@ed.gov
920,12,Jobye,Goacher,Briamo,7O6G0O9T8G,K0U4H5U7G6,false,Help Desk Technician,jbriamopj@census.gov
921,6,Kirbie,Siaskowski,Quogan,4N5X2D0D8Z,X8A8P3O8B7,false,Dental Hygienist,kquoganpk@sphinn.com
922,10,Nicol,Spendlove,Hartropp,9B6L0E5K3C,Y6K9S5H4D4,false,Media Manager I,nhartropppl@fema.gov
923,14,Millie,Aveline,Towle,3C2R4P6V5W,A2U6Q3T2K3,true,Operator,mtowlepm@shareasale.com
924,15,Guthrie,Byard,Quilligan,6R5U6P0E3Q,Q6U5X6Y0E4,false,Professor,gquilliganpn@guardian.co.uk
925,5,Osbourne,Posthill,Maps,5E9U0E9K3A,F6P0I5G6L8,true,Operator,omapspo@ow.ly
926,14,Innis,Burkhill,Ingles,8T5V8Q7M3K,G6C8H2P2I4,true,Senior Editor,iinglespp@joomla.org
927,5,Matti,Fetherston,McGloughlin,5G7R0M8Z4S,O9Y6O7H6I2,false,Project Manager,mmcgloughlinpq@npr.org
928,4,Tabina,Trew,Matyukon,8D3F3E2M9U,E0V8B5J2B1,true,Social Worker,tmatyukonpr@canalblog.com
929,1,Jackelyn,Gimber,Taveriner,2X2F6I8X3J,L5D2S8P7W0,false,Marketing Assistant,jtaverinerps@skyrock.com
930,6,Galen,Lenin,Gouley,5P4X6A2R7P,T7Y2X3I2I7,true,Accountant I,ggouleypt@fc2.com
931,8,Rosaline,Oldroyd,Trytsman,6G8F3H3L7Y,V2U1S6W9H0,false,Product Engineer,rtrytsmanpu@apple.com
932,2,Dre,Hayle,Cranston,9E4L7J5N6P,N1H2N9C4H1,false,Research Assistant I,dcranstonpv@canalblog.com
933,12,Ewen,Torrans,Heckney,1K2V5R5R1D,Z8X7A0I6A2,false,Software Engineer I,eheckneypw@unicef.org
934,9,Isidor,Basden,Cavilla,1V2Q6V5H6G,K4W4U9N4H4,true,Administrative Officer,icavillapx@smugmug.com
935,5,Lisette,Cristofori,Rodolf,7E4D4U0R4L,R0P7Y2W6B3,true,Systems Administrator IV,lrodolfpy@fda.gov
936,4,Isadora,Peacock,Vallens,4B3C3T3G1J,U7F5N0T8C1,true,Research Nurse,ivallenspz@booking.com
937,5,Alessandro,Brigdale,Ryton,9O5M0N3X9C,C5D6O8H8J9,false,Occupational Therapist,arytonq0@youtube.com
938,11,Bobinette,Gery,MacCurlye,0Q7B9U7J7W,Z0I8U0D7G6,true,Electrical Engineer,bmaccurlyeq1@ameblo.jp
939,14,Dukie,Urquhart,Krebs,1A1L8W9Y4P,C0L7S9C7B6,false,Research Nurse,dkrebsq2@who.int
940,13,Goldie,Barradell,Cowndley,6J9H0E1A2K,F8J2X9Q4P7,false,Nuclear Power Engineer,gcowndleyq3@ning.com
941,15,Atlante,Gyrgorcewicx,Shingler,1J7F6V1E2F,N4Q9Y3Q3O4,false,Analyst Programmer,ashinglerq4@gov.uk
942,7,Gena,Bartleman,Bibbie,3T8M9E8B7K,Q4X6R4G5A5,true,Information Systems Manager,gbibbieq5@reference.com
943,12,Gabbi,Mugg,Cleare,6R7Z3F5P2L,Y2J1F9W8D8,false,Project Manager,gcleareq6@va.gov
944,10,Adelina,Ashtonhurst,Shatford,4I3A5N2S0N,R3S1I8Z8L2,false,Information Systems Manager,ashatfordq7@weibo.com
945,2,Nerta,Matzke,Pagitt,5Z2K2Y6L4L,H6N3E8J7K5,false,Biostatistician IV,npagittq8@blinklist.com
946,11,Selinda,Tarren,Grabb,2Y6D9P6S1F,Y5S6E3K8L0,false,Staff Accountant III,sgrabbq9@phoca.cz
947,2,Inge,Ondrus,Gosnay,8R0R0S2N9F,I4K9V1B1C4,true,Senior Editor,igosnayqa@sciencedirect.com
948,3,Blaire,Pirt,Mattin,2C4L2F6H3J,B4S3K4R5I3,false,Human Resources Manager,bmattinqb@reference.com
949,11,Cacilia,Cawsy,Fowgies,9P1R0C1Z7Q,S3R5F6L0V7,false,Electrical Engineer,cfowgiesqc@sohu.com
950,15,Jany,Meletti,Iskow,3G5H6T0Q4O,J8V9U8K4T4,false,Geologist I,jiskowqd@addthis.com
951,4,Arturo,Yashanov,Mardy,8V2U2Z7N8I,R6Z4U5S5P8,true,Assistant Media Planner,amardyqe@tuttocitta.it
952,15,Gan,Aspinal,Phettiplace,5N8F5S1B5I,V3T4D4U3D4,false,VP Product Management,gphettiplaceqf@vk.com
953,9,Janenna,Remer,Liveley,8S2L5U8P1H,F3X6F2E1U9,false,Dental Hygienist,jliveleyqg@mac.com
954,1,Aprilette,Bapty,Brake,0H4V0N3E1Q,Q1S9U5U8N1,true,Analog Circuit Design manager,abrakeqh@google.nl
955,11,Alicea,Bladon,Bamfield,1W2S6L4R7G,D0H8T9Y0F7,true,Data Coordiator,abamfieldqi@zdnet.com
956,10,Eada,Glanvill,Tresler,6I1X4X1I0R,O0D0A2Q2X4,false,Nurse Practicioner,etreslerqj@theglobeandmail.com
957,4,Brewer,Jemison,Ivanchin,5X4B7I4T7B,K8J9T4K8M4,false,Programmer Analyst II,bivanchinqk@yahoo.co.jp
958,15,Niki,Gigg,Pallent,6Q6J7D2A4S,T8H1X7J3O6,false,Account Representative IV,npallentql@dropbox.com
959,11,Goldia,Curson,Gladtbach,1K2S9F6O6J,Q3H7A5R2M7,true,Financial Analyst,ggladtbachqm@instagram.com
960,6,Allin,Dobrowski,McLise,4H9D9K6M0O,G3J1D7I1T0,true,Librarian,amcliseqn@imageshack.us
961,9,Allayne,Lambart,Flanne,5G7V1C7T6Y,Z2O4V7C8H5,true,Data Coordiator,aflanneqo@gov.uk
962,8,Fredi,Mouser,Scannell,1B4O4H9D5P,X9R9A1C0E2,true,Research Associate,fscannellqp@bravesites.com
963,13,Stanislaw,Seyler,Cousens,2Y7N4Q1Z7P,R7N2C6B3O4,true,Administrative Assistant II,scousensqq@taobao.com
964,6,Becca,Penhall,Grinvalds,0B7N2K3I2H,T3Q7O3H6P0,true,Business Systems Development Analyst,bgrinvaldsqr@vk.com
965,6,Merlina,Sparshett,Hucke,3Y8F3K5G4I,J7W9K0B3K1,true,Financial Analyst,mhuckeqs@xinhuanet.com
966,7,Anne,Bridgwood,Pietz,8J9J7Q3V4L,W4U4D0N3R3,true,Cost Accountant,apietzqt@google.cn
967,6,Mason,Devonside,MacUchadair,4N7A6D8E0R,G1I6P4N5U6,false,Librarian,mmacuchadairqu@scribd.com
968,2,Ashton,Glowacha,Beningfield,8E4M0T7A0Y,A6D1B1M6V3,true,Environmental Tech,abeningfieldqv@etsy.com
969,11,Phaidra,Weinberg,Fewless,9Y5Q9S6U5R,X9V3B4N7M5,true,Developer I,pfewlessqw@mail.ru
970,8,Blaine,Tilte,Buxcy,6Y6C2W3H3Q,L7X5I5U9L5,true,Dental Hygienist,bbuxcyqx@baidu.com
971,6,Fielding,Aaron,Cosker,5O8Z3H5V7Z,U2C6M4U4D2,false,Nurse,fcoskerqy@shop-pro.jp
972,9,Cam,Lewer,Rosenzwig,6A1O5Z7R7H,U9Z7Y4K7D3,false,Physical Therapy Assistant,crosenzwigqz@joomla.org
973,6,Kayla,Stockau,Witts,9O3P3E3A4I,H4E3D7O7F7,false,Senior Sales Associate,kwittsr0@bloglines.com
974,8,Benedick,Mitham,McCloy,8G2A9X5B3C,C9K8P2V0Z2,false,Technical Writer,bmccloyr1@xing.com
975,13,Aksel,Ovid,Finding,9I4N4E1L6U,G5Z4B0B4Y0,false,Information Systems Manager,afindingr2@earthlink.net
976,3,Steffane,Flattman,Gallifont,8L2V8V8Y9I,G3O1D8G5R1,false,Senior Cost Accountant,sgallifontr3@biblegateway.com
977,14,Lauren,Santori,Elcomb,7K8S7Q0O5S,Q6O0I6D2W6,true,VP Product Management,lelcombr4@scribd.com
978,3,Clarence,Allcorn,Mabbett,0Z7W8M9I8R,T0B7R6D1F1,false,Desktop Support Technician,cmabbettr5@harvard.edu
979,2,Madelene,Ghio,Sloegrave,3Y9I5M2K7Z,X6K8O6U5K8,false,Research Assistant IV,msloegraver6@instagram.com
980,1,Elva,Meagher,Borleace,6K0D1N0Y5V,J5S5O3Z9U6,true,Mechanical Systems Engineer,eborleacer7@so-net.ne.jp
981,10,Talbert,Bonnavant,Treweela,9L7B5P8W0Z,V8W8I1K5X6,false,Accounting Assistant IV,ttreweelar8@uiuc.edu
982,4,Stephanus,Hablot,Million,9K9M2V7K4J,B3J7T3Z6X9,false,VP Sales,smillionr9@amazon.co.jp
983,6,Keri,Sakins,Menlove,9K5C5O1Y1O,K9R2L9U4P0,false,Chemical Engineer,kmenlovera@macromedia.com
984,13,Chloette,Stut,Kesteven,8Z6F5P4I8P,B0U4M2G9W1,true,VP Product Management,ckestevenrb@friendfeed.com
985,10,Alysa,Treker,Nelligan,7C2P8A1J2C,I5J2F3H6H1,true,Marketing Assistant,anelliganrc@furl.net
986,12,Kristien,Munson,Langeley,7G3H8B3N7S,Y2T8E1A7O3,false,Assistant Manager,klangeleyrd@toplist.cz
987,15,Wadsworth,Denne,Paolicchi,9L4C5J1K4N,E8J7Z0C7X0,true,Product Engineer,wpaolicchire@oakley.com
988,6,Pryce,Moiser,Fyall,9F1Q6B1V1W,J9U1Q5V8Y4,false,General Manager,pfyallrf@yahoo.co.jp
989,2,Merrile,Goldston,Delph,0W1J2D5P1V,X4A6E9Y4O4,false,Web Developer II,mdelphrg@com.com
990,5,Janine,McKniely,Urwen,5F5D4V9V0F,B1C8X3S6P7,true,Software Test Engineer I,jurwenrh@sohu.com
991,3,Ange,Conkie,Hassard,0K4R7W4A8H,G0M5O9I7M3,false,Help Desk Operator,ahassardri@etsy.com
992,6,Vanya,Bouette,Tiffany,8P2F4K2J7S,E0C9J4X6T1,false,Technical Writer,vtiffanyrj@usgs.gov
993,15,Olympe,Jonsson,Champniss,1Z2K5M7P6J,N7O3I4Y5O3,true,Staff Accountant III,ochampnissrk@imgur.com
994,8,Delcina,Alsford,Barensen,8K3V3V1J8T,F2E7E7Z2B3,true,Associate Professor,dbarensenrl@reference.com
995,13,Ronny,Heijne,Keming,6O6S3R3W2H,H8S7M3F4X9,true,Environmental Tech,rkemingrm@ycombinator.com
996,7,Lauri,Leeds,Giacomasso,7L3T5G3M6J,Y6Y6W4E4B7,false,VP Marketing,lgiacomassorn@biglobe.ne.jp
997,3,Gypsy,Commucci,Asquith,3P8E5O1S7G,K2T0B6F2Z1,false,Community Outreach Specialist,gasquithro@acquirethisname.com
998,11,Grenville,Mingo,Favelle,2G2O2J9O8D,I5J8R7M8H6,false,Senior Financial Analyst,gfavellerp@soundcloud.com
999,3,Abdul,Dismore,Casella,7T5O7C4I0S,A1D3V3K8S5,true,Staff Accountant III,acasellarq@nydailynews.com
1000,9,Niel,Dashwood,Rabat,5P9W6B7Q0S,N4D9J3A9V4,true,Pharmacist,nrabatrr@google.com
